,B-SOiD labels,Start time (frames),Run lengths
0,10,0,1
1,9,1,3
2,2,4,1
3,9,5,1
4,2,6,2
5,9,8,1
6,1,9,1
7,9,10,12
8,14,22,4
9,9,26,2
10,5,28,1
11,10,29,1
12,5,30,1
13,10,31,1
14,7,32,1
15,10,33,3
16,2,36,3
17,10,39,5
18,2,44,5
19,0,49,2
20,8,51,1
21,9,52,1
22,1,53,1
23,9,54,1
24,1,55,1
25,10,56,2
26,1,58,1
27,10,59,2
28,5,61,2
29,1,63,3
30,5,66,2
31,1,68,1
32,5,69,1
33,1,70,3
34,5,73,3
35,10,76,2
36,5,78,1
37,1,79,1
38,5,80,1
39,10,81,5
40,7,86,2
41,2,88,1
42,11,89,3
43,1,92,1
44,11,93,9
45,7,102,3
46,1,105,1
47,11,106,5
48,8,111,1
49,11,112,1
50,8,113,1
51,6,114,2
52,11,116,1
53,7,117,3
54,2,120,1
55,0,121,1
56,5,122,1
57,2,123,2
58,7,125,1
59,2,126,6
60,11,132,2
61,1,134,11
62,5,145,2
63,1,147,1
64,5,148,1
65,11,149,1
66,2,150,12
67,11,162,3
68,10,165,1
69,7,166,1
70,10,167,1
71,7,168,2
72,2,170,4
73,7,174,3
74,11,177,3
75,8,180,1
76,1,181,5
77,3,186,2
78,6,188,1
79,0,189,1
80,1,190,5
81,11,195,1
82,7,196,7
83,10,203,2
84,11,205,1
85,1,206,6
86,11,212,1
87,2,213,2
88,9,215,2
89,1,217,8
90,9,225,9
91,2,234,27
92,9,261,1
93,2,262,1
94,9,263,6
95,1,269,9
96,9,278,15
97,2,293,5
98,9,298,5
99,8,303,1
100,11,304,1
101,8,305,1
102,11,306,1
103,1,307,1
104,8,308,1
105,11,309,9
106,8,318,1
107,11,319,6
108,1,325,1
109,7,326,3
110,2,329,6
111,10,335,1
112,1,336,6
113,5,342,1
114,11,343,1
115,1,344,3
116,7,347,1
117,1,348,10
118,9,358,1
119,1,359,2
120,10,361,2
121,1,363,1
122,2,364,1
123,9,365,3
124,7,368,1
125,10,369,1
126,1,370,1
127,5,371,1
128,8,372,1
129,9,373,5
130,2,378,1
131,7,379,1
132,10,380,1
133,1,381,2
134,11,383,3
135,5,386,3
136,1,389,4
137,8,393,1
138,11,394,13
139,2,407,1
140,1,408,3
141,5,411,3
142,9,414,3
143,13,417,1
144,9,418,3
145,2,421,1
146,9,422,1
147,1,423,1
148,10,424,1
149,1,425,1
150,0,426,1
151,9,427,3
152,1,430,1
153,10,431,2
154,1,433,1
155,10,434,3
156,1,437,2
157,10,439,1
158,1,440,2
159,9,442,4
160,2,446,1
161,9,447,1
162,2,448,4
163,9,452,27
164,2,479,8
165,10,487,13
166,2,500,3
167,9,503,8
168,1,511,1
169,5,512,4
170,9,516,4
171,0,520,1
172,8,521,4
173,5,525,2
174,9,527,2
175,5,529,1
176,10,530,1
177,1,531,16
178,0,547,1
179,2,548,5
180,7,553,4
181,1,557,4
182,11,561,1
183,5,562,5
184,9,567,4
185,2,571,1
186,0,572,1
187,9,573,5
188,2,578,3
189,9,581,5
190,0,586,1
191,9,587,2
192,1,589,2
193,9,591,1
194,1,592,3
195,0,595,1
196,1,596,2
197,0,598,5
198,1,603,8
199,0,611,1
200,9,612,2
201,2,614,1
202,9,615,1
203,1,616,1
204,9,617,1
205,8,618,1
206,1,619,1
207,9,620,2
208,1,622,3
209,10,625,2
210,7,627,1
211,2,628,1
212,9,629,2
213,2,631,4
214,9,635,4
215,2,639,2
216,9,641,4
217,2,645,2
218,9,647,18
219,2,665,5
220,7,670,1
221,1,671,1
222,10,672,1
223,7,673,4
224,10,677,7
225,5,684,1
226,1,685,2
227,9,687,14
228,1,701,1
229,9,702,2
230,2,704,6
231,9,710,1
232,1,711,2
233,9,713,11
234,2,724,2
235,7,726,1
236,9,727,1
237,7,728,1
238,2,729,4
239,9,733,15
240,2,748,2
241,10,750,3
242,9,753,9
243,10,762,1
244,9,763,1
245,5,764,1
246,0,765,1
247,2,766,3
248,10,769,1
249,2,770,2
250,6,772,12
251,2,784,4
252,10,788,4
253,1,792,2
254,10,794,1
255,7,795,2
256,10,797,3
257,1,800,2
258,10,802,1
259,5,803,8
260,1,811,1
261,11,812,1
262,5,813,1
263,1,814,2
264,8,816,1
265,11,817,1
266,5,818,1
267,0,819,2
268,7,821,1
269,10,822,1
270,7,823,1
271,2,824,3
272,11,827,7
273,0,834,1
274,2,835,4
275,11,839,4
276,8,843,1
277,10,844,1
278,7,845,1
279,9,846,1
280,2,847,1
281,10,848,1
282,7,849,1
283,10,850,1
284,2,851,1
285,10,852,1
286,7,853,1
287,11,854,3
288,8,857,1
289,0,858,3
290,11,861,2
291,8,863,2
292,1,865,3
293,7,868,2
294,2,870,4
295,1,874,3
296,11,877,1
297,1,878,3
298,11,881,1
299,5,882,11
300,11,893,1
301,5,894,6
302,1,900,1
303,11,901,2
304,1,903,1
305,11,904,1
306,6,905,1
307,11,906,7
308,1,913,3
309,7,916,2
310,11,918,7
311,5,925,2
312,1,927,1
313,10,928,1
314,7,929,1
315,2,930,1
316,9,931,16
317,11,947,4
318,8,951,1
319,2,952,2
320,9,954,1
321,10,955,1
322,9,956,3
323,10,959,1
324,1,960,1
325,9,961,2
326,5,963,5
327,8,968,3
328,0,971,2
329,8,973,1
330,11,974,2
331,7,976,1
332,2,977,1
333,7,978,4
334,1,982,2
335,8,984,1
336,5,985,6
337,11,991,1
338,5,992,2
339,11,994,4
340,5,998,1
341,1,999,1
342,6,1000,1
343,7,1001,2
344,10,1003,1
345,1,1004,1
346,7,1005,3
347,9,1008,1
348,1,1009,1
349,7,1010,1
350,1,1011,1
351,2,1012,2
352,9,1014,1
353,5,1015,1
354,9,1016,1
355,1,1017,5
356,10,1022,3
357,9,1025,2
358,11,1027,5
359,1,1032,2
360,10,1034,1
361,1,1035,1
362,10,1036,3
363,1,1039,1
364,9,1040,2
365,5,1042,1
366,11,1043,6
367,1,1049,2
368,8,1051,1
369,11,1052,4
370,0,1056,1
371,1,1057,6
372,10,1063,5
373,7,1068,1
374,1,1069,1
375,10,1070,1
376,5,1071,2
377,1,1073,1
378,11,1074,1
379,1,1075,8
380,10,1083,5
381,11,1088,1
382,2,1089,1
383,7,1090,1
384,10,1091,1
385,11,1092,1
386,9,1093,6
387,8,1099,1
388,11,1100,1
389,2,1101,6
390,7,1107,1
391,10,1108,2
392,1,1110,1
393,10,1111,2
394,7,1113,3
395,10,1116,2
396,7,1118,1
397,2,1119,4
398,1,1123,2
399,9,1125,6
400,1,1131,7
401,9,1138,1
402,10,1139,2
403,1,1141,1
404,11,1142,1
405,1,1143,3
406,6,1146,1
407,2,1147,3
408,11,1150,7
409,1,1157,3
410,7,1160,1
411,10,1161,1
412,7,1162,1
413,10,1163,1
414,1,1164,1
415,8,1165,1
416,11,1166,1
417,1,1167,1
418,11,1168,8
419,1,1176,1
420,9,1177,1
421,1,1178,1
422,8,1179,3
423,1,1182,3
424,5,1185,2
425,9,1187,2
426,1,1189,1
427,5,1190,1
428,1,1191,1
429,10,1192,1
430,1,1193,2
431,7,1195,6
432,2,1201,3
433,9,1204,1
434,2,1205,5
435,9,1210,9
436,11,1219,5
437,1,1224,1
438,10,1225,2
439,2,1227,2
440,7,1229,4
441,9,1233,2
442,5,1235,1
443,9,1236,1
444,11,1237,5
445,10,1242,1
446,1,1243,1
447,10,1244,3
448,7,1247,5
449,10,1252,1
450,7,1253,6
451,2,1259,1
452,10,1260,1
453,2,1261,1
454,11,1262,3
455,1,1265,1
456,11,1266,3
457,1,1269,2
458,2,1271,2
459,7,1273,1
460,2,1274,2
461,10,1276,2
462,2,1278,3
463,7,1281,1
464,1,1282,1
465,11,1283,9
466,1,1292,5
467,5,1297,1
468,11,1298,3
469,1,1301,6
470,2,1307,1
471,7,1308,1
472,10,1309,2
473,1,1311,1
474,5,1312,6
475,10,1318,2
476,7,1320,1
477,2,1321,1
478,0,1322,1
479,2,1323,1
480,9,1324,2
481,1,1326,3
482,10,1329,1
483,2,1330,1
484,9,1331,13
485,2,1344,1
486,10,1345,7
487,11,1352,12
488,1,1364,1
489,11,1365,3
490,5,1368,5
491,1,1373,2
492,0,1375,1
493,7,1376,4
494,1,1380,1
495,10,1381,5
496,7,1386,3
497,1,1389,1
498,9,1390,1
499,5,1391,3
500,11,1394,1
501,8,1395,1
502,1,1396,6
503,5,1402,1
504,11,1403,3
505,1,1406,1
506,9,1407,4
507,5,1411,1
508,0,1412,2
509,8,1414,2
510,10,1416,1
511,2,1417,1
512,9,1418,1
513,7,1419,2
514,9,1421,1
515,0,1422,1
516,1,1423,1
517,5,1424,1
518,1,1425,2
519,5,1427,1
520,11,1428,5
521,8,1433,1
522,11,1434,1
523,5,1435,4
524,9,1439,1
525,7,1440,1
526,0,1441,2
527,10,1443,4
528,7,1447,1
529,8,1448,1
530,0,1449,1
531,6,1450,1
532,0,1451,1
533,7,1452,1
534,10,1453,5
535,7,1458,3
536,10,1461,2
537,1,1463,1
538,10,1464,2
539,1,1466,1
540,5,1467,1
541,1,1468,1
542,5,1469,1
543,8,1470,1
544,11,1471,8
545,0,1479,2
546,9,1481,2
547,0,1483,1
548,8,1484,5
549,5,1489,2
550,8,1491,1
551,1,1492,1
552,11,1493,1
553,1,1494,1
554,7,1495,1
555,2,1496,1
556,1,1497,2
557,2,1499,7
558,9,1506,2
559,0,1508,2
560,1,1510,1
561,5,1511,1
562,11,1512,2
563,8,1514,1
564,11,1515,2
565,1,1517,1
566,11,1518,1
567,1,1519,3
568,10,1522,1
569,2,1523,2
570,9,1525,1
571,2,1526,3
572,7,1529,1
573,2,1530,2
574,7,1532,2
575,1,1534,6
576,5,1540,1
577,8,1541,3
578,11,1544,1
579,1,1545,1
580,10,1546,1
581,7,1547,1
582,10,1548,8
583,7,1556,1
584,10,1557,1
585,7,1558,3
586,2,1561,2
587,1,1563,6
588,2,1569,3
589,11,1572,11
590,8,1583,2
591,1,1585,2
592,9,1587,1
593,1,1588,1
594,9,1589,2
595,2,1591,2
596,0,1593,1
597,8,1594,3
598,1,1597,3
599,2,1600,2
600,12,1602,2
601,3,1604,1
602,5,1605,1
603,1,1606,4
604,10,1610,5
605,7,1615,3
606,2,1618,6
607,9,1624,1
608,10,1625,4
609,7,1629,1
610,2,1630,2
611,9,1632,1
612,2,1633,5
613,9,1638,6
614,0,1644,2
615,9,1646,1
616,0,1647,4
617,9,1651,4
618,2,1655,3
619,0,1658,1
620,2,1659,1
621,0,1660,1
622,2,1661,8
623,10,1669,3
624,11,1672,1
625,12,1673,1
626,2,1674,1
627,10,1675,3
628,11,1678,6
629,1,1684,5
630,10,1689,1
631,7,1690,1
632,10,1691,9
633,7,1700,1
634,2,1701,3
635,7,1704,1
636,10,1705,3
637,2,1708,1
638,11,1709,2
639,2,1711,5
640,9,1716,9
641,13,1725,1
642,10,1726,10
643,2,1736,1
644,10,1737,2
645,11,1739,2
646,0,1741,1
647,1,1742,3
648,8,1745,1
649,5,1746,1
650,11,1747,14
651,6,1761,4
652,11,1765,1
653,1,1766,4
654,10,1770,3
655,1,1773,1
656,10,1774,3
657,11,1777,1
658,7,1778,2
659,1,1780,1
660,11,1781,2
661,1,1783,2
662,5,1785,1
663,1,1786,1
664,7,1787,3
665,2,1790,2
666,1,1792,2
667,5,1794,3
668,9,1797,1
669,5,1798,5
670,1,1803,1
671,10,1804,2
672,7,1806,1
673,10,1807,3
674,7,1810,2
675,11,1812,12
676,2,1824,1
677,7,1825,7
678,1,1832,11
679,11,1843,3
680,5,1846,12
681,1,1858,1
682,11,1859,1
683,1,1860,1
684,10,1861,2
685,7,1863,2
686,1,1865,3
687,8,1868,1
688,11,1869,2
689,1,1871,8
690,11,1879,6
691,1,1885,4
692,9,1889,3
693,1,1892,1
694,10,1893,2
695,7,1895,1
696,2,1896,2
697,12,1898,1
698,0,1899,4
699,1,1903,2
700,0,1905,1
701,9,1906,2
702,1,1908,1
703,7,1909,1
704,1,1910,1
705,10,1911,1
706,7,1912,1
707,10,1913,1
708,7,1914,3
709,2,1917,5
710,9,1922,1
711,2,1923,2
712,9,1925,1
713,2,1926,1
714,9,1927,1
715,1,1928,1
716,5,1929,4
717,1,1933,2
718,9,1935,4
719,5,1939,3
720,8,1942,1
721,0,1943,1
722,9,1944,3
723,2,1947,2
724,7,1949,1
725,9,1950,2
726,2,1952,6
727,7,1958,1
728,2,1959,1
729,11,1960,20
730,5,1980,1
731,1,1981,1
732,7,1982,1
733,11,1983,3
734,5,1986,7
735,1,1993,4
736,10,1997,3
737,7,2000,1
738,2,2001,1
739,11,2002,2
740,3,2004,1
741,5,2005,1
742,9,2006,1
743,10,2007,3
744,1,2010,1
745,2,2011,1
746,5,2012,1
747,10,2013,2
748,2,2015,2
749,12,2017,1
750,10,2018,1
751,2,2019,4
752,0,2023,1
753,1,2024,2
754,6,2026,1
755,0,2027,1
756,2,2028,1
757,11,2029,1
758,1,2030,2
759,11,2032,6
760,1,2038,1
761,10,2039,3
762,7,2042,3
763,9,2045,1
764,1,2046,1
765,8,2047,1
766,11,2048,9
767,1,2057,4
768,10,2061,4
769,1,2065,4
770,5,2069,6
771,1,2075,3
772,10,2078,1
773,1,2079,1
774,10,2080,1
775,1,2081,1
776,7,2082,2
777,10,2084,1
778,7,2085,1
779,11,2086,1
780,5,2087,6
781,1,2093,3
782,10,2096,4
783,5,2100,1
784,1,2101,6
785,2,2107,1
786,9,2108,7
787,10,2115,1
788,9,2116,2
789,11,2118,1
790,5,2119,2
791,6,2121,1
792,10,2122,4
793,9,2126,8
794,7,2134,2
795,9,2136,2
796,0,2138,1
797,8,2139,3
798,5,2142,1
799,1,2143,1
800,5,2144,1
801,8,2145,1
802,1,2146,1
803,11,2147,3
804,6,2150,1
805,1,2151,3
806,10,2154,1
807,1,2155,2
808,10,2157,18
809,1,2175,1
810,2,2176,2
811,9,2178,3
812,5,2181,1
813,1,2182,1
814,9,2183,1
815,8,2184,1
816,11,2185,11
817,1,2196,1
818,7,2197,1
819,10,2198,3
820,2,2201,4
821,10,2205,5
822,1,2210,3
823,5,2213,2
824,11,2215,2
825,7,2217,4
826,6,2221,1
827,1,2222,4
828,11,2226,1
829,6,2227,1
830,11,2228,6
831,2,2234,1
832,7,2235,2
833,2,2237,5
834,10,2242,1
835,1,2243,1
836,6,2244,1
837,11,2245,3
838,1,2248,1
839,10,2249,2
840,7,2251,1
841,2,2252,1
842,7,2253,3
843,10,2256,1
844,5,2257,1
845,9,2258,1
846,5,2259,1
847,1,2260,1
848,5,2261,2
849,1,2263,1
850,11,2264,3
851,5,2267,1
852,11,2268,1
853,5,2269,1
854,1,2270,1
855,5,2271,1
856,10,2272,8
857,5,2280,10
858,10,2290,4
859,7,2294,2
860,2,2296,4
861,1,2300,1
862,10,2301,2
863,1,2303,1
864,5,2304,3
865,11,2307,2
866,1,2309,5
867,5,2314,5
868,9,2319,2
869,0,2321,2
870,9,2323,2
871,5,2325,1
872,0,2326,1
873,8,2327,2
874,2,2329,3
875,6,2332,1
876,11,2333,2
877,1,2335,3
878,8,2338,1
879,9,2339,1
880,1,2340,1
881,7,2341,1
882,10,2342,1
883,7,2343,1
884,9,2344,2
885,1,2346,1
886,0,2347,1
887,7,2348,1
888,2,2349,1
889,7,2350,1
890,2,2351,4
891,7,2355,1
892,2,2356,7
893,9,2363,3
894,1,2366,2
895,9,2368,2
896,2,2370,3
897,10,2373,4
898,9,2377,4
899,5,2381,1
900,9,2382,1
901,11,2383,3
902,5,2386,1
903,11,2387,2
904,1,2389,1
905,8,2390,1
906,11,2391,1
907,0,2392,1
908,1,2393,2
909,7,2395,2
910,1,2397,3
911,5,2400,1
912,11,2401,12
913,0,2413,2
914,2,2415,1
915,9,2416,1
916,5,2417,1
917,0,2418,1
918,7,2419,4
919,2,2423,2
920,10,2425,1
921,2,2426,1
922,10,2427,4
923,2,2431,2
924,10,2433,1
925,2,2434,1
926,10,2435,1
927,1,2436,3
928,5,2439,7
929,7,2446,1
930,2,2447,2
931,7,2449,2
932,10,2451,11
933,1,2462,1
934,5,2463,3
935,7,2466,4
936,2,2470,1
937,1,2471,2
938,9,2473,4
939,1,2477,1
940,9,2478,8
941,1,2486,1
942,2,2487,1
943,7,2488,1
944,1,2489,1
945,10,2490,3
946,7,2493,1
947,1,2494,1
948,7,2495,3
949,10,2498,3
950,1,2501,2
951,7,2503,1
952,1,2504,9
953,6,2513,1
954,12,2514,1
955,2,2515,1
956,10,2516,1
957,1,2517,3
958,9,2520,1
959,1,2521,1
960,7,2522,1
961,0,2523,1
962,7,2524,3
963,2,2527,5
964,7,2532,2
965,10,2534,23
966,7,2557,2
967,10,2559,3
968,7,2562,2
969,10,2564,17
970,1,2581,9
971,5,2590,2
972,1,2592,1
973,5,2593,3
974,1,2596,2
975,2,2598,2
976,1,2600,1
977,2,2601,2
978,12,2603,1
979,11,2604,3
980,7,2607,3
981,2,2610,3
982,7,2613,1
983,10,2614,1
984,7,2615,1
985,2,2616,3
986,7,2619,1
987,1,2620,5
988,11,2625,1
989,1,2626,3
990,7,2629,21
991,2,2650,2
992,7,2652,2
993,2,2654,10
994,9,2664,1
995,1,2665,1
996,10,2666,1
997,1,2667,1
998,9,2668,1
999,7,2669,1
1000,0,2670,1
1001,11,2671,1
1002,0,2672,2
1003,2,2674,1
1004,10,2675,5
1005,7,2680,1
1006,2,2681,1
1007,7,2682,1
1008,2,2683,2
1009,6,2685,1
1010,2,2686,2
1011,9,2688,2
1012,2,2690,1
1013,9,2691,9
1014,2,2700,1
1015,9,2701,1
1016,13,2702,1
1017,10,2703,2
1018,2,2705,1
1019,12,2706,1
1020,2,2707,1
1021,7,2708,1
1022,2,2709,1
1023,11,2710,1
1024,6,2711,2
1025,11,2713,3
1026,1,2716,1
1027,8,2717,2
1028,5,2719,33
1029,11,2752,6
1030,5,2758,6
1031,8,2764,6
1032,0,2770,1
1033,1,2771,2
1034,7,2773,1
1035,11,2774,1
1036,2,2775,7
1037,7,2782,1
1038,9,2783,2
1039,1,2785,2
1040,7,2787,1
1041,2,2788,1
1042,0,2789,1
1043,9,2790,7
1044,7,2797,1
1045,2,2798,3
1046,1,2801,1
1047,7,2802,1
1048,9,2803,3
1049,5,2806,6
1050,10,2812,1
1051,2,2813,1
1052,10,2814,1
1053,9,2815,2
1054,14,2817,1
1055,5,2818,2
1056,10,2820,1
1057,2,2821,1
1058,1,2822,1
1059,5,2823,1
1060,11,2824,1
1061,8,2825,1
1062,11,2826,13
1063,8,2839,1
1064,11,2840,1
1065,0,2841,1
1066,1,2842,2
1067,10,2844,2
1068,1,2846,2
1069,7,2848,1
1070,10,2849,2
1071,7,2851,1
1072,2,2852,5
1073,7,2857,1
1074,2,2858,2
1075,9,2860,8
1076,2,2868,1
1077,7,2869,1
1078,10,2870,1
1079,7,2871,1
1080,1,2872,1
1081,0,2873,1
1082,8,2874,2
1083,5,2876,2
1084,8,2878,2
1085,5,2880,5
1086,1,2885,3
1087,10,2888,2
1088,7,2890,1
1089,1,2891,2
1090,0,2893,2
1091,9,2895,2
1092,2,2897,1
1093,10,2898,1
1094,9,2899,11
1095,7,2910,1
1096,0,2911,2
1097,2,2913,2
1098,10,2915,1
1099,2,2916,1
1100,9,2917,5
1101,2,2922,1
1102,7,2923,1
1103,0,2924,1
1104,1,2925,1
1105,5,2926,1
1106,0,2927,1
1107,1,2928,2
1108,5,2930,2
1109,1,2932,1
1110,10,2933,1
1111,1,2934,1
1112,10,2935,2
1113,9,2937,2
1114,2,2939,2
1115,7,2941,2
1116,1,2943,1
1117,5,2944,3
1118,1,2947,4
1119,5,2951,2
1120,1,2953,2
1121,9,2955,2
1122,1,2957,3
1123,7,2960,1
1124,1,2961,2
1125,9,2963,1
1126,7,2964,3
1127,2,2967,1
1128,1,2968,2
1129,9,2970,4
1130,7,2974,2
1131,9,2976,5
1132,1,2981,6
1133,5,2987,1
1134,10,2988,4
1135,1,2992,1
1136,7,2993,17
1137,10,3010,7
1138,0,3017,1
1139,9,3018,2
1140,14,3020,1
1141,10,3021,1
1142,5,3022,1
1143,8,3023,1
1144,9,3024,1
1145,0,3025,1
1146,9,3026,3
1147,2,3029,1
1148,9,3030,1
1149,2,3031,1
1150,0,3032,1
1151,10,3033,1
1152,9,3034,11
1153,5,3045,1
1154,0,3046,1
1155,1,3047,1
1156,8,3048,2
1157,9,3050,5
1158,2,3055,2
1159,7,3057,6
1160,10,3063,3
1161,7,3066,1
1162,10,3067,2
1163,1,3069,3
1164,5,3072,6
1165,1,3078,2
1166,5,3080,2
1167,1,3082,4
1168,5,3086,1
1169,8,3087,1
1170,11,3088,9
1171,1,3097,1
1172,5,3098,5
1173,1,3103,4
1174,5,3107,2
1175,1,3109,2
1176,7,3111,1
1177,1,3112,1
1178,5,3113,2
1179,9,3115,1
1180,0,3116,1
1181,9,3117,3
1182,5,3120,2
1183,0,3122,1
1184,9,3123,2
1185,10,3125,1
1186,9,3126,4
1187,8,3130,1
1188,0,3131,1
1189,9,3132,2
1190,1,3134,1
1191,9,3135,3
1192,1,3138,1
1193,9,3139,1
1194,5,3140,2
1195,1,3142,1
1196,10,3143,2
1197,9,3145,1
1198,7,3146,1
1199,2,3147,1
1200,9,3148,1
1201,7,3149,1
1202,10,3150,1
1203,1,3151,5
1204,7,3156,1
1205,10,3157,8
1206,7,3165,1
1207,10,3166,1
1208,7,3167,1
1209,2,3168,1
1210,0,3169,1
1211,9,3170,8
1212,10,3178,1
1213,1,3179,4
1214,5,3183,7
1215,1,3190,1
1216,8,3191,1
1217,1,3192,1
1218,11,3193,2
1219,8,3195,2
1220,1,3197,1
1221,5,3198,3
1222,1,3201,2
1223,5,3203,4
1224,1,3207,7
1225,10,3214,1
1226,1,3215,4
1227,2,3219,3
1228,11,3222,1
1229,1,3223,1
1230,5,3224,4
1231,1,3228,1
1232,10,3229,8
1233,1,3237,4
1234,10,3241,1
1235,1,3242,1
1236,9,3243,2
1237,2,3245,1
1238,9,3246,11
1239,2,3257,1
1240,9,3258,7
1241,1,3265,1
1242,10,3266,1
1243,7,3267,1
1244,2,3268,2
1245,10,3270,1
1246,9,3271,8
1247,5,3279,1
1248,9,3280,2
1249,2,3282,1
1250,9,3283,35
1251,7,3318,15
1252,10,3333,1
1253,7,3334,5
1254,2,3339,7
1255,9,3346,13
1256,2,3359,1
1257,9,3360,4
1258,2,3364,4
1259,9,3368,4
1260,6,3372,1
1261,2,3373,5
1262,9,3378,3
1263,2,3381,2
1264,9,3383,15
1265,10,3398,1
1266,9,3399,16
1267,2,3415,1
1268,9,3416,3
1269,5,3419,1
1270,10,3420,1
1271,1,3421,2
1272,10,3423,1
1273,13,3424,1
1274,9,3425,4
1275,10,3429,1
1276,9,3430,15
1277,2,3445,1
1278,7,3446,1
1279,10,3447,6
1280,7,3453,1
1281,2,3454,1
1282,7,3455,1
1283,10,3456,2
1284,1,3458,2
1285,2,3460,1
1286,1,3461,1
1287,9,3462,4
1288,2,3466,4
1289,7,3470,3
1290,2,3473,1
1291,9,3474,1
1292,2,3475,1
1293,11,3476,1
1294,7,3477,1
1295,10,3478,2
1296,1,3480,1
1297,9,3481,1
1298,2,3482,2
1299,9,3484,3
1300,7,3487,5
1301,10,3492,4
1302,7,3496,1
1303,10,3497,2
1304,7,3499,2
1305,2,3501,4
1306,9,3505,1
1307,1,3506,3
1308,2,3509,3
1309,7,3512,1
1310,2,3513,2
1311,9,3515,11
1312,2,3526,2
1313,9,3528,44
1314,1,3572,30
1315,10,3602,2
1316,7,3604,1
1317,1,3605,1
1318,10,3606,1
1319,7,3607,3
1320,2,3610,2
1321,7,3612,2
1322,1,3614,1
1323,9,3615,2
1324,1,3617,1
1325,9,3618,16
1326,2,3634,1
1327,9,3635,2
1328,1,3637,14
1329,9,3651,2
1330,0,3653,1
1331,1,3654,1
1332,5,3655,3
1333,1,3658,1
1334,7,3659,1
1335,10,3660,3
1336,1,3663,1
1337,2,3664,2
1338,9,3666,3
1339,2,3669,4
1340,12,3673,1
1341,11,3674,3
1342,8,3677,1
1343,11,3678,6
1344,10,3684,3
1345,9,3687,3
1346,2,3690,1
1347,12,3691,1
1348,11,3692,1
1349,1,3693,1
1350,11,3694,9
1351,8,3703,1
1352,11,3704,1
1353,1,3705,1
1354,5,3706,1
1355,1,3707,2
1356,10,3709,3
1357,1,3712,4
1358,10,3716,5
1359,1,3721,1
1360,11,3722,2
1361,2,3724,4
1362,0,3728,3
1363,6,3731,3
1364,0,3734,1
1365,1,3735,1
1366,11,3736,5
1367,1,3741,3
1368,5,3744,1
1369,1,3745,4
1370,11,3749,1
1371,2,3750,1
1372,1,3751,1
1373,2,3752,6
1374,11,3758,11
1375,0,3769,1
1376,11,3770,4
1377,1,3774,4
1378,5,3778,6
1379,8,3784,1
1380,11,3785,8
1381,2,3793,2
1382,10,3795,1
1383,1,3796,8
1384,0,3804,1
1385,11,3805,1
1386,1,3806,1
1387,11,3807,3
1388,8,3810,1
1389,5,3811,7
1390,11,3818,23
1391,6,3841,2
1392,11,3843,1
1393,8,3844,1
1394,1,3845,1
1395,5,3846,1
1396,1,3847,4
1397,10,3851,4
1398,2,3855,1
1399,9,3856,5
1400,2,3861,1
1401,10,3862,1
1402,7,3863,2
1403,2,3865,3
1404,6,3868,1
1405,1,3869,4
1406,7,3873,1
1407,10,3874,1
1408,1,3875,1
1409,10,3876,5
1410,7,3881,2
1411,10,3883,2
1412,7,3885,2
1413,2,3887,6
1414,7,3893,2
1415,9,3895,2
1416,5,3897,3
1417,11,3900,2
1418,8,3902,1
1419,11,3903,3
1420,10,3906,1
1421,5,3907,2
1422,1,3909,1
1423,5,3910,2
1424,1,3912,2
1425,5,3914,1
1426,1,3915,1
1427,5,3916,7
1428,1,3923,2
1429,11,3925,2
1430,5,3927,5
1431,1,3932,1
1432,5,3933,4
1433,11,3937,1
1434,1,3938,1
1435,11,3939,3
1436,0,3942,1
1437,6,3943,1
1438,1,3944,1
1439,11,3945,18
1440,1,3963,2
1441,7,3965,1
1442,2,3966,3
1443,9,3969,1
1444,1,3970,2
1445,5,3972,1
1446,8,3973,1
1447,0,3974,1
1448,7,3975,3
1449,1,3978,2
1450,10,3980,1
1451,1,3981,5
1452,10,3986,5
1453,7,3991,1
1454,2,3992,1
1455,10,3993,1
1456,9,3994,1
1457,11,3995,1
1458,10,3996,1
1459,1,3997,2
1460,10,3999,3
1461,7,4002,1
1462,10,4003,2
1463,7,4005,1
1464,9,4006,6
1465,2,4012,1
1466,9,4013,7
1467,11,4020,11
1468,8,4031,1
1469,0,4032,1
1470,8,4033,1
1471,7,4034,1
1472,2,4035,1
1473,9,4036,5
1474,1,4041,2
1475,5,4043,2
1476,11,4045,1
1477,5,4046,1
1478,11,4047,2
1479,5,4049,1
1480,1,4050,1
1481,5,4051,1
1482,1,4052,1
1483,5,4053,1
1484,11,4054,7
1485,6,4061,1
1486,9,4062,1
1487,0,4063,1
1488,8,4064,3
1489,0,4067,1
1490,6,4068,4
1491,11,4072,1
1492,7,4073,3
1493,2,4076,6
1494,7,4082,5
1495,1,4087,3
1496,5,4090,2
1497,1,4092,1
1498,11,4093,1
1499,1,4094,2
1500,10,4096,5
1501,7,4101,1
1502,2,4102,1
1503,10,4103,1
1504,9,4104,2
1505,1,4106,1
1506,9,4107,1
1507,1,4108,7
1508,2,4115,6
1509,9,4121,5
1510,2,4126,2
1511,11,4128,8
1512,8,4136,1
1513,1,4137,2
1514,9,4139,2
1515,5,4141,1
1516,10,4142,1
1517,13,4143,1
1518,9,4144,4
1519,2,4148,1
1520,9,4149,1
1521,2,4150,1
1522,7,4151,2
1523,10,4153,2
1524,7,4155,8
1525,2,4163,2
1526,7,4165,1
1527,10,4166,1
1528,1,4167,2
1529,5,4169,1
1530,1,4170,1
1531,7,4171,2
1532,2,4173,3
1533,11,4176,1
1534,5,4177,16
1535,1,4193,2
1536,10,4195,4
1537,7,4199,2
1538,2,4201,1
1539,7,4202,1
1540,2,4203,3
1541,11,4206,2
1542,8,4208,2
1543,11,4210,2
1544,1,4212,1
1545,8,4213,1
1546,0,4214,1
1547,1,4215,2
1548,7,4217,3
1549,1,4220,3
1550,0,4223,1
1551,7,4224,2
1552,2,4226,1
1553,3,4227,1
1554,0,4228,1
1555,3,4229,1
1556,11,4230,5
1557,8,4235,2
1558,5,4237,2
1559,1,4239,1
1560,8,4240,1
1561,1,4241,1
1562,10,4242,4
1563,1,4246,1
1564,9,4247,25
1565,2,4272,1
1566,9,4273,1
1567,1,4274,2
1568,10,4276,1
1569,2,4277,1
1570,9,4278,11
1571,1,4289,21
1572,2,4310,3
1573,7,4313,1
1574,2,4314,1
1575,10,4315,4
1576,2,4319,1
1577,11,4320,1
1578,1,4321,5
1579,10,4326,1
1580,5,4327,1
1581,1,4328,4
1582,10,4332,2
1583,1,4334,4
1584,5,4338,2
1585,11,4340,1
1586,7,4341,1
1587,2,4342,2
1588,9,4344,4
1589,6,4348,1
1590,11,4349,2
1591,0,4351,1
1592,11,4352,10
1593,6,4362,1
1594,11,4363,2
1595,1,4365,1
1596,7,4366,1
1597,2,4367,1
1598,10,4368,2
1599,7,4370,1
1600,2,4371,5
1601,10,4376,1
1602,7,4377,4
1603,10,4381,8
1604,1,4389,2
1605,10,4391,2
1606,1,4393,6
1607,5,4399,4
1608,1,4403,2
1609,7,4405,1
1610,2,4406,1
1611,7,4407,2
1612,2,4409,3
1613,6,4412,1
1614,11,4413,1
1615,0,4414,2
1616,1,4416,2
1617,10,4418,1
1618,7,4419,2
1619,1,4421,1
1620,0,4422,1
1621,1,4423,1
1622,7,4424,2
1623,1,4426,3
1624,11,4429,10
1625,8,4439,1
1626,1,4440,2
1627,10,4442,1
1628,1,4443,6
1629,10,4449,2
1630,1,4451,6
1631,10,4457,2
1632,1,4459,1
1633,8,4460,1
1634,11,4461,4
1635,8,4465,1
1636,1,4466,1
1637,7,4467,2
1638,9,4469,1
1639,10,4470,3
1640,7,4473,1
1641,2,4474,1
1642,9,4475,7
1643,2,4482,3
1644,9,4485,3
1645,11,4488,9
1646,1,4497,3
1647,5,4500,6
1648,1,4506,1
1649,5,4507,1
1650,1,4508,7
1651,10,4515,9
1652,1,4524,1
1653,5,4525,6
1654,1,4531,14
1655,9,4545,4
1656,1,4549,2
1657,8,4551,1
1658,0,4552,1
1659,7,4553,1
1660,5,4554,2
1661,9,4556,1
1662,1,4557,1
1663,9,4558,10
1664,2,4568,1
1665,9,4569,5
1666,2,4574,1
1667,10,4575,1
1668,1,4576,4
1669,10,4580,1
1670,1,4581,2
1671,9,4583,7
1672,2,4590,1
1673,9,4591,6
1674,2,4597,3
1675,6,4600,1
1676,11,4601,2
1677,1,4603,2
1678,11,4605,2
1679,1,4607,2
1680,5,4609,2
1681,8,4611,1
1682,1,4612,3
1683,10,4615,3
1684,7,4618,5
1685,10,4623,5
1686,1,4628,1
1687,7,4629,1
1688,2,4630,1
1689,0,4631,1
1690,6,4632,1
1691,0,4633,1
1692,9,4634,1
1693,8,4635,2
1694,6,4637,2
1695,9,4639,2
1696,0,4641,1
1697,2,4642,1
1698,9,4643,2
1699,2,4645,1
1700,9,4646,7
1701,0,4653,1
1702,1,4654,2
1703,5,4656,1
1704,1,4657,3
1705,0,4660,1
1706,10,4661,2
1707,0,4663,9
1708,1,4672,32
1709,0,4704,1
1710,9,4705,1
1711,0,4706,1
1712,5,4707,1
1713,10,4708,1
1714,9,4709,12
1715,0,4721,2
1716,1,4723,1
1717,9,4724,2
1718,5,4726,1
1719,1,4727,1
1720,10,4728,1
1721,2,4729,1
1722,10,4730,2
1723,1,4732,3
1724,9,4735,2
1725,7,4737,2
1726,1,4739,3
1727,7,4742,1
1728,10,4743,3
1729,2,4746,1
1730,10,4747,1
1731,2,4748,4
1732,10,4752,1
1733,9,4753,1
1734,5,4754,6
1735,1,4760,5
1736,7,4765,1
1737,9,4766,5
1738,2,4771,1
1739,9,4772,6
1740,0,4778,1
1741,6,4779,2
1742,11,4781,2
1743,7,4783,1
1744,2,4784,3
1745,3,4787,1
1746,6,4788,1
1747,8,4789,3
1748,11,4792,2
1749,1,4794,3
1750,8,4797,2
1751,1,4799,1
1752,2,4800,2
1753,9,4802,1
1754,1,4803,3
1755,5,4806,2
1756,1,4808,1
1757,11,4809,1
1758,2,4810,4
1759,11,4814,3
1760,2,4817,1
1761,7,4818,1
1762,2,4819,6
1763,12,4825,1
1764,11,4826,3
1765,0,4829,1
1766,2,4830,3
1767,11,4833,3
1768,8,4836,1
1769,11,4837,2
1770,5,4839,1
1771,1,4840,3
1772,9,4843,1
1773,1,4844,1
1774,5,4845,1
1775,0,4846,1
1776,5,4847,1
1777,9,4848,7
1778,0,4855,1
1779,8,4856,1
1780,1,4857,3
1781,10,4860,6
1782,1,4866,1
1783,7,4867,1
1784,10,4868,2
1785,7,4870,1
1786,1,4871,1
1787,9,4872,10
1788,2,4882,13
1789,5,4895,1
1790,9,4896,1
1791,11,4897,5
1792,1,4902,1
1793,10,4903,1
1794,7,4904,1
1795,2,4905,2
1796,10,4907,4
1797,5,4911,1
1798,9,4912,4
1799,5,4916,1
1800,10,4917,3
1801,0,4920,1
1802,11,4921,10
1803,5,4931,1
1804,11,4932,1
1805,1,4933,1
1806,11,4934,1
1807,1,4935,2
1808,11,4937,3
1809,1,4940,3
1810,11,4943,1
1811,10,4944,1
1812,7,4945,5
1813,2,4950,1
1814,10,4951,1
1815,2,4952,6
1816,11,4958,20
1817,0,4978,1
1818,1,4979,1
1819,7,4980,3
1820,10,4983,1
1821,2,4984,1
1822,1,4985,1
1823,10,4986,3
1824,9,4989,4
1825,1,4993,2
1826,9,4995,1
1827,1,4996,2
1828,0,4998,1
1829,1,4999,2
1830,7,5001,1
1831,2,5002,1
1832,1,5003,2
1833,10,5005,2
1834,7,5007,1
1835,10,5008,1
1836,7,5009,3
1837,2,5012,1
1838,10,5013,1
1839,2,5014,1
1840,9,5015,4
1841,2,5019,1
1842,0,5020,1
1843,9,5021,3
1844,1,5024,3
1845,9,5027,1
1846,10,5028,2
1847,1,5030,3
1848,2,5033,3
1849,11,5036,1
1850,1,5037,1
1851,5,5038,8
1852,11,5046,15
1853,0,5061,1
1854,1,5062,1
1855,7,5063,3
1856,1,5066,2
1857,7,5068,1
1858,10,5069,3
1859,7,5072,1
1860,2,5073,5
1861,7,5078,2
1862,10,5080,3
1863,5,5083,1
1864,11,5084,2
1865,5,5086,1
1866,1,5087,3
1867,5,5090,2
1868,1,5092,7
1869,11,5099,1
1870,1,5100,2
1871,11,5102,1
1872,1,5103,1
1873,10,5104,1
1874,7,5105,2
1875,10,5107,4
1876,11,5111,1
1877,7,5112,5
1878,2,5117,1
1879,11,5118,1
1880,10,5119,1
1881,9,5120,1
1882,8,5121,1
1883,7,5122,1
1884,10,5123,1
1885,7,5124,1
1886,10,5125,2
1887,5,5127,1
1888,1,5128,1
1889,5,5129,2
1890,1,5131,2
1891,5,5133,5
1892,8,5138,1
1893,5,5139,10
1894,1,5149,3
1895,7,5152,1
1896,1,5153,1
1897,11,5154,1
1898,1,5155,1
1899,5,5156,1
1900,8,5157,2
1901,5,5159,2
1902,1,5161,1
1903,7,5162,1
1904,2,5163,4
1905,7,5167,3
1906,2,5170,2
1907,11,5172,5
1908,1,5177,1
1909,11,5178,2
1910,2,5180,1
1911,7,5181,1
1912,2,5182,1
1913,10,5183,2
1914,6,5185,1
1915,11,5186,5
1916,8,5191,1
1917,1,5192,3
1918,8,5195,1
1919,11,5196,2
1920,1,5198,1
1921,0,5199,1
1922,9,5200,2
1923,5,5202,1
1924,11,5203,1
1925,8,5204,1
1926,1,5205,1
1927,11,5206,2
1928,0,5208,1
1929,1,5209,8
1930,0,5217,1
1931,2,5218,1
1932,0,5219,2
1933,7,5221,9
1934,1,5230,1
1935,9,5231,1
1936,1,5232,4
1937,7,5236,3
1938,12,5239,2
1939,6,5241,1
1940,0,5242,1
1941,1,5243,3
1942,11,5246,2
1943,1,5248,1
1944,2,5249,1
1945,7,5250,2
1946,2,5252,1
1947,1,5253,2
1948,0,5255,1
1949,9,5256,3
1950,0,5259,1
1951,1,5260,4
1952,9,5264,3
1953,5,5267,1
1954,1,5268,1
1955,9,5269,5
1956,11,5274,12
1957,1,5286,4
1958,5,5290,1
1959,11,5291,4
1960,1,5295,4
1961,10,5299,1
1962,7,5300,1
1963,10,5301,8
1964,7,5309,1
1965,2,5310,2
1966,10,5312,1
1967,11,5313,7
1968,1,5320,4
1969,10,5324,1
1970,1,5325,2
1971,11,5327,5
1972,8,5332,1
1973,7,5333,12
1974,2,5345,4
1975,9,5349,2
1976,10,5351,1
1977,12,5352,1
1978,0,5353,1
1979,6,5354,1
1980,2,5355,3
1981,11,5358,3
1982,1,5361,1
1983,11,5362,2
1984,1,5364,2
1985,10,5366,2
1986,1,5368,1
1987,2,5369,1
1988,1,5370,7
1989,5,5377,3
1990,1,5380,5
1991,8,5385,2
1992,5,5387,3
1993,1,5390,8
1994,11,5398,1
1995,1,5399,1
1996,10,5400,1
1997,1,5401,1
1998,11,5402,1
1999,1,5403,2
2000,5,5405,1
2001,11,5406,1
2002,5,5407,2
2003,8,5409,1
2004,5,5410,6
2005,9,5416,2
2006,5,5418,6
2007,1,5424,2
2008,11,5426,1
2009,1,5427,2
2010,9,5429,6
2011,2,5435,3
2012,7,5438,1
2013,10,5439,3
2014,7,5442,1
2015,2,5443,2
2016,6,5445,3
2017,12,5448,1
2018,2,5449,1
2019,11,5450,13
2020,6,5463,1
2021,2,5464,1
2022,1,5465,3
2023,9,5468,3
2024,2,5471,2
2025,9,5473,1
2026,1,5474,1
2027,7,5475,16
2028,1,5491,3
2029,0,5494,1
2030,1,5495,1
2031,0,5496,2
2032,1,5498,1
2033,9,5499,3
2034,2,5502,1
2035,7,5503,1
2036,2,5504,7
2037,0,5511,1
2038,2,5512,2
2039,7,5514,1
2040,2,5515,3
2041,10,5518,2
2042,9,5520,7
2043,5,5527,1
2044,9,5528,1
2045,11,5529,11
2046,1,5540,5
2047,10,5545,2
2048,7,5547,1
2049,10,5548,1
2050,1,5549,1
2051,10,5550,1
2052,8,5551,1
2053,11,5552,1
2054,5,5553,1
2055,8,5554,1
2056,1,5555,3
2057,11,5558,2
2058,5,5560,2
2059,1,5562,1
2060,0,5563,1
2061,9,5564,1
2062,1,5565,1
2063,5,5566,1
2064,1,5567,2
2065,10,5569,1
2066,2,5570,1
2067,9,5571,9
2068,8,5580,2
2069,11,5582,2
2070,0,5584,2
2071,10,5586,5
2072,9,5591,1
2073,11,5592,2
2074,8,5594,1
2075,0,5595,1
2076,3,5596,1
2077,12,5597,2
2078,2,5599,1
2079,12,5600,1
2080,11,5601,7
2081,0,5608,1
2082,8,5609,3
2083,10,5612,2
2084,0,5614,1
2085,9,5615,1
2086,1,5616,1
2087,7,5617,1
2088,10,5618,2
2089,5,5620,1
2090,8,5621,1
2091,5,5622,1
2092,11,5623,1
2093,5,5624,1
2094,11,5625,1
2095,1,5626,1
2096,10,5627,2
2097,7,5629,2
2098,10,5631,2
2099,1,5633,1
2100,5,5634,1
2101,1,5635,1
2102,5,5636,3
2103,11,5639,2
2104,5,5641,1
2105,11,5642,2
2106,1,5644,1
2107,11,5645,5
2108,8,5650,1
2109,5,5651,2
2110,1,5653,1
2111,9,5654,1
2112,1,5655,2
2113,10,5657,1
2114,2,5658,4
2115,9,5662,1
2116,10,5663,1
2117,1,5664,2
2118,10,5666,3
2119,1,5669,1
2120,10,5670,1
2121,7,5671,3
2122,2,5674,2
2123,10,5676,1
2124,2,5677,1
2125,11,5678,6
2126,8,5684,1
2127,0,5685,1
2128,7,5686,2
2129,2,5688,3
2130,9,5691,3
2131,10,5694,3
2132,9,5697,10
2133,2,5707,4
2134,9,5711,2
2135,2,5713,25
2136,9,5738,3
2137,1,5741,4
2138,2,5745,3
2139,10,5748,1
2140,2,5749,2
2141,11,5751,1
2142,1,5752,2
2143,10,5754,17
2144,1,5771,1
2145,7,5772,5
2146,2,5777,3
2147,10,5780,2
2148,1,5782,1
2149,11,5783,2
2150,1,5785,1
2151,5,5786,2
2152,8,5788,1
2153,7,5789,1
2154,6,5790,3
2155,2,5793,1
2156,6,5794,2
2157,2,5796,4
2158,1,5800,2
2159,6,5802,1
2160,7,5803,1
2161,1,5804,1
2162,5,5805,3
2163,8,5808,2
2164,11,5810,2
2165,8,5812,1
2166,5,5813,6
2167,7,5819,1
2168,1,5820,1
2169,5,5821,3
2170,1,5824,3
2171,5,5827,1
2172,9,5828,2
2173,5,5830,2
2174,11,5832,3
2175,1,5835,5
2176,5,5840,3
2177,9,5843,1
2178,11,5844,4
2179,8,5848,5
2180,5,5853,1
2181,8,5854,2
2182,5,5856,13
2183,11,5869,2
2184,0,5871,1
2185,2,5872,3
2186,0,5875,1
2187,1,5876,1
2188,0,5877,2
2189,2,5879,2
2190,6,5881,3
2191,2,5884,2
2192,7,5886,2
2193,9,5888,5
2194,5,5893,1
2195,9,5894,1
2196,5,5895,4
2197,9,5899,1
2198,11,5900,12
2199,8,5912,1
2200,11,5913,1
2201,8,5914,5
2202,5,5919,1
2203,8,5920,2
2204,1,5922,1
2205,5,5923,2
2206,9,5925,1
2207,0,5926,1
2208,1,5927,1
2209,5,5928,1
2210,8,5929,2
2211,1,5931,1
2212,5,5932,1
2213,8,5933,1
2214,11,5934,2
2215,1,5936,2
2216,11,5938,2
2217,8,5940,1
2218,5,5941,2
2219,11,5943,8
2220,1,5951,6
2221,5,5957,2
2222,11,5959,3
2223,1,5962,2
2224,5,5964,3
2225,1,5967,1
2226,2,5968,1
2227,7,5969,1
2228,2,5970,1
2229,11,5971,4
2230,1,5975,1
2231,11,5976,2
2232,1,5978,2
2233,5,5980,1
2234,1,5981,3
2235,10,5984,1
2236,1,5985,1
2237,7,5986,1
2238,1,5987,2
2239,7,5989,1
2240,2,5990,2
2241,11,5992,3
2242,8,5995,1
2243,1,5996,1
2244,11,5997,2
2245,7,5999,4
2246,11,6003,12
2247,8,6015,1
2248,1,6016,5
2249,0,6021,2
2250,2,6023,8
2251,7,6031,1
2252,10,6032,1
2253,9,6033,1
2254,7,6034,2
2255,2,6036,6
2256,0,6042,1
2257,9,6043,2
2258,2,6045,6
2259,1,6051,2
2260,7,6053,1
2261,1,6054,2
2262,2,6056,2
2263,11,6058,2
2264,5,6060,1
2265,8,6061,1
2266,5,6062,3
2267,1,6065,1
2268,10,6066,1
2269,7,6067,1
2270,1,6068,3
2271,5,6071,1
2272,1,6072,2
2273,10,6074,2
2274,1,6076,1
2275,10,6077,4
2276,7,6081,1
2277,10,6082,5
2278,2,6087,1
2279,11,6088,2
2280,1,6090,1
2281,8,6091,1
2282,5,6092,1
2283,8,6093,1
2284,5,6094,2
2285,1,6096,1
2286,7,6097,1
2287,0,6098,1
2288,2,6099,3
2289,7,6102,3
2290,9,6105,8
2291,8,6113,2
2292,0,6115,1
2293,10,6116,5
2294,2,6121,1
2295,1,6122,1
2296,5,6123,2
2297,1,6125,4
2298,10,6129,1
2299,1,6130,3
2300,7,6133,1
2301,2,6134,1
2302,7,6135,1
2303,2,6136,1
2304,9,6137,5
2305,14,6142,1
2306,9,6143,2
2307,5,6145,1
2308,2,6146,2
2309,10,6148,3
2310,11,6151,7
2311,8,6158,1
2312,0,6159,1
2313,9,6160,1
2314,0,6161,1
2315,2,6162,24
2316,1,6186,9
2317,9,6195,5
2318,2,6200,3
2319,11,6203,2
2320,1,6205,1
2321,8,6206,1
2322,11,6207,2
2323,5,6209,1
2324,8,6210,1
2325,11,6211,3
2326,5,6214,1
2327,1,6215,4
2328,7,6219,1
2329,2,6220,2
2330,9,6222,1
2331,2,6223,7
2332,7,6230,5
2333,1,6235,1
2334,8,6236,1
2335,11,6237,2
2336,0,6239,1
2337,9,6240,5
2338,14,6245,1
2339,10,6246,2
2340,5,6248,1
2341,9,6249,4
2342,10,6253,1
2343,9,6254,3
2344,5,6257,2
2345,11,6259,3
2346,8,6262,1
2347,5,6263,1
2348,9,6264,1
2349,0,6265,2
2350,9,6267,1
2351,11,6268,2
2352,0,6270,1
2353,3,6271,1
2354,10,6272,3
2355,5,6275,2
2356,8,6277,1
2357,11,6278,4
2358,2,6282,4
2359,7,6286,2
2360,2,6288,5
2361,0,6293,1
2362,8,6294,5
2363,5,6299,4
2364,8,6303,1
2365,5,6304,2
2366,1,6306,1
2367,10,6307,1
2368,7,6308,1
2369,10,6309,2
2370,7,6311,1
2371,1,6312,3
2372,7,6315,1
2373,1,6316,2
2374,5,6318,3
2375,1,6321,1
2376,2,6322,1
2377,7,6323,1
2378,0,6324,1
2379,2,6325,4
2380,9,6329,2
2381,5,6331,2
2382,1,6333,3
2383,9,6336,1
2384,1,6337,2
2385,7,6339,1
2386,1,6340,16
2387,11,6356,4
2388,1,6360,2
2389,10,6362,2
2390,1,6364,3
2391,9,6367,3
2392,5,6370,2
2393,10,6372,3
2394,5,6375,1
2395,9,6376,4
2396,1,6380,1
2397,9,6381,6
2398,2,6387,1
2399,9,6388,3
2400,6,6391,1
2401,9,6392,3
2402,6,6395,1
2403,9,6396,2
2404,5,6398,1
2405,8,6399,1
2406,5,6400,3
2407,11,6403,3
2408,8,6406,1
2409,9,6407,2
2410,7,6409,1
2411,0,6410,2
2412,8,6412,1
2413,1,6413,1
2414,8,6414,1
2415,9,6415,5
2416,5,6420,1
2417,1,6421,2
2418,7,6423,3
2419,2,6426,1
2420,7,6427,3
2421,2,6430,1
2422,0,6431,1
2423,2,6432,2
2424,0,6434,1
2425,2,6435,1
2426,1,6436,2
2427,0,6438,1
2428,2,6439,1
2429,10,6440,4
2430,9,6444,3
2431,10,6447,2
2432,9,6449,4
2433,10,6453,3
2434,5,6456,1
2435,10,6457,3
2436,13,6460,1
2437,9,6461,2
2438,2,6463,1
2439,10,6464,4
2440,3,6468,1
2441,0,6469,3
2442,9,6472,1
2443,8,6473,2
2444,5,6475,1
2445,8,6476,1
2446,11,6477,11
2447,8,6488,1
2448,11,6489,9
2449,1,6498,4
2450,6,6502,1
2451,2,6503,5
2452,7,6508,2
2453,11,6510,2
2454,5,6512,3
2455,1,6515,4
2456,7,6519,1
2457,10,6520,1
2458,1,6521,1
2459,11,6522,1
2460,1,6523,2
2461,5,6525,6
2462,8,6531,1
2463,5,6532,1
2464,1,6533,3
2465,5,6536,1
2466,11,6537,2
2467,5,6539,2
2468,1,6541,1
2469,9,6542,1
2470,5,6543,2
2471,1,6545,10
2472,10,6555,2
2473,1,6557,2
2474,7,6559,1
2475,2,6560,2
2476,12,6562,1
2477,11,6563,1
2478,0,6564,4
2479,3,6568,1
2480,2,6569,1
2481,1,6570,1
2482,2,6571,2
2483,12,6573,1
2484,7,6574,1
2485,2,6575,2
2486,3,6577,1
2487,11,6578,8
2488,6,6586,1
2489,9,6587,2
2490,11,6589,2
2491,8,6591,2
2492,9,6593,1
2493,1,6594,6
2494,5,6600,1
2495,1,6601,2
2496,10,6603,3
2497,1,6606,1
2498,9,6607,1
2499,5,6608,3
2500,1,6611,2
2501,9,6613,1
2502,11,6614,7
2503,1,6621,5
2504,10,6626,5
2505,1,6631,1
2506,10,6632,10
2507,2,6642,4
2508,9,6646,2
2509,2,6648,1
2510,1,6649,1
2511,10,6650,2
2512,2,6652,1
2513,7,6653,2
2514,2,6655,3
2515,7,6658,1
2516,2,6659,3
2517,11,6662,7
2518,0,6669,1
2519,1,6670,1
2520,2,6671,1
2521,7,6672,1
2522,2,6673,3
2523,11,6676,8
2524,0,6684,1
2525,1,6685,1
2526,0,6686,2
2527,2,6688,6
2528,10,6694,3
2529,2,6697,2
2530,11,6699,2
2531,1,6701,4
2532,7,6705,4
2533,10,6709,1
2534,7,6710,1
2535,5,6711,6
2536,11,6717,1
2537,5,6718,8
2538,11,6726,1
2539,1,6727,1
2540,11,6728,3
2541,5,6731,1
2542,11,6732,16
2543,8,6748,2
2544,1,6750,2
2545,7,6752,2
2546,9,6754,1
2547,2,6755,4
2548,9,6759,3
2549,2,6762,1
2550,9,6763,1
2551,0,6764,2
2552,9,6766,6
2553,5,6772,3
2554,8,6775,1
2555,11,6776,4
2556,6,6780,1
2557,10,6781,1
2558,7,6782,2
2559,2,6784,1
2560,7,6785,1
2561,1,6786,1
2562,9,6787,2
2563,8,6789,1
2564,5,6790,4
2565,1,6794,4
2566,10,6798,2
2567,7,6800,1
2568,2,6801,12
2569,1,6813,1
2570,9,6814,1
2571,1,6815,1
2572,7,6816,3
2573,10,6819,2
2574,1,6821,8
2575,7,6829,4
2576,2,6833,2
2577,9,6835,4
2578,2,6839,2
2579,10,6841,1
2580,1,6842,2
2581,10,6844,1
2582,2,6845,1
2583,10,6846,2
2584,2,6848,4
2585,11,6852,2
2586,1,6854,1
2587,0,6855,1
2588,7,6856,1
2589,2,6857,4
2590,7,6861,2
2591,11,6863,7
2592,1,6870,4
2593,11,6874,6
2594,5,6880,2
2595,8,6882,1
2596,1,6883,2
2597,5,6885,6
2598,1,6891,1
2599,11,6892,4
2600,8,6896,2
2601,5,6898,2
2602,9,6900,2
2603,2,6902,2
2604,9,6904,3
2605,7,6907,3
2606,9,6910,2
2607,5,6912,3
2608,11,6915,12
2609,8,6927,1
2610,11,6928,4
2611,8,6932,1
2612,1,6933,1
2613,7,6934,1
2614,1,6935,1
2615,10,6936,3
2616,7,6939,1
2617,0,6940,1
2618,8,6941,1
2619,5,6942,7
2620,1,6949,1
2621,0,6950,1
2622,5,6951,1
2623,1,6952,5
2624,5,6957,2
2625,9,6959,1
2626,5,6960,2
2627,11,6962,2
2628,1,6964,1
2629,7,6965,1
2630,10,6966,1
2631,7,6967,1
2632,10,6968,1
2633,7,6969,1
2634,10,6970,2
2635,7,6972,1
2636,2,6973,2
2637,7,6975,2
2638,10,6977,3
2639,2,6980,1
2640,10,6981,1
2641,1,6982,1
2642,9,6983,1
2643,10,6984,1
2644,9,6985,3
2645,2,6988,3
2646,10,6991,1
2647,7,6992,3
2648,2,6995,4
2649,7,6999,1
2650,9,7000,2
2651,14,7002,1
2652,10,7003,4
2653,2,7007,1
2654,7,7008,1
2655,10,7009,1
2656,2,7010,2
2657,10,7012,5
2658,2,7017,1
2659,11,7018,2
2660,8,7020,1
2661,11,7021,4
2662,8,7025,1
2663,7,7026,1
2664,2,7027,2
2665,12,7029,1
2666,11,7030,10
2667,0,7040,2
2668,9,7042,2
2669,10,7044,1
2670,9,7045,1
2671,10,7046,4
2672,7,7050,2
2673,3,7052,1
2674,2,7053,2
2675,3,7055,3
2676,2,7058,1
2677,11,7059,4
2678,1,7063,1
2679,8,7064,1
2680,1,7065,2
2681,9,7067,2
2682,1,7069,3
2683,5,7072,3
2684,9,7075,1
2685,11,7076,7
2686,8,7083,1
2687,0,7084,1
2688,9,7085,2
2689,1,7087,1
2690,0,7088,1
2691,8,7089,2
2692,5,7091,2
2693,8,7093,1
2694,1,7094,1
2695,7,7095,1
2696,10,7096,1
2697,7,7097,3
2698,10,7100,1
2699,7,7101,1
2700,1,7102,1
2701,5,7103,8
2702,1,7111,1
2703,7,7112,1
2704,10,7113,1
2705,7,7114,2
2706,1,7116,1
2707,10,7117,3
2708,7,7120,5
2709,9,7125,3
2710,2,7128,1
2711,10,7129,3
2712,7,7132,3
2713,2,7135,8
2714,7,7143,1
2715,2,7144,3
2716,9,7147,1
2717,2,7148,3
2718,11,7151,1
2719,5,7152,4
2720,1,7156,9
2721,10,7165,1
2722,2,7166,1
2723,7,7167,2
2724,2,7169,1
2725,7,7170,2
2726,2,7172,4
2727,11,7176,1
2728,8,7177,4
2729,5,7181,11
2730,10,7192,2
2731,1,7194,1
2732,5,7195,4
2733,1,7199,1
2734,9,7200,1
2735,1,7201,1
2736,9,7202,2
2737,1,7204,1
2738,9,7205,1
2739,0,7206,2
2740,8,7208,1
2741,5,7209,4
2742,8,7213,1
2743,5,7214,2
2744,11,7216,1
2745,5,7217,1
2746,1,7218,1
2747,5,7219,1
2748,11,7220,1
2749,9,7221,2
2750,5,7223,5
2751,1,7228,1
2752,11,7229,3
2753,1,7232,5
2754,2,7237,2
2755,9,7239,1
2756,1,7240,2
2757,5,7242,1
2758,8,7243,2
2759,11,7245,7
2760,1,7252,8
2761,9,7260,1
2762,11,7261,1
2763,0,7262,1
2764,5,7263,1
2765,9,7264,4
2766,0,7268,2
2767,2,7270,1
2768,0,7271,2
2769,11,7273,1
2770,6,7274,1
2771,2,7275,1
2772,3,7276,3
2773,7,7279,1
2774,10,7280,10
2775,9,7290,1
2776,0,7291,1
2777,8,7292,1
2778,1,7293,1
2779,0,7294,1
2780,7,7295,3
2781,2,7298,2
2782,10,7300,1
2783,2,7301,1
2784,6,7302,1
2785,1,7303,2
2786,0,7305,1
2787,9,7306,1
2788,7,7307,1
2789,1,7308,1
2790,9,7309,1
2791,5,7310,1
2792,1,7311,1
2793,5,7312,2
2794,1,7314,1
2795,5,7315,2
2796,1,7317,2
2797,11,7319,3
2798,1,7322,1
2799,11,7323,1
2800,1,7324,1
2801,0,7325,1
2802,8,7326,1
2803,6,7327,1
2804,0,7328,3
2805,9,7331,4
2806,5,7335,4
2807,11,7339,5
2808,2,7344,1
2809,7,7345,2
2810,2,7347,7
2811,7,7354,4
2812,11,7358,1
2813,7,7359,1
2814,1,7360,2
2815,11,7362,1
2816,1,7363,1
2817,10,7364,3
2818,11,7367,1
2819,10,7368,1
2820,9,7369,1
2821,11,7370,3
2822,10,7373,3
2823,9,7376,1
2824,10,7377,6
2825,7,7383,3
2826,2,7386,2
2827,11,7388,1
2828,2,7389,1
2829,9,7390,2
2830,11,7392,1
2831,1,7393,1
2832,5,7394,1
2833,1,7395,2
2834,7,7397,1
2835,10,7398,1
2836,7,7399,1
2837,2,7400,1
2838,1,7401,3
2839,10,7404,1
2840,5,7405,4
2841,1,7409,11
2842,10,7420,3
2843,1,7423,1
2844,10,7424,5
2845,7,7429,2
2846,9,7431,10
2847,5,7441,3
2848,0,7444,1
2849,8,7445,1
2850,1,7446,1
2851,11,7447,7
2852,8,7454,2
2853,5,7456,1
2854,8,7457,1
2855,1,7458,1
2856,5,7459,10
2857,0,7469,2
2858,2,7471,2
2859,9,7473,1
2860,5,7474,1
2861,1,7475,5
2862,5,7480,3
2863,1,7483,3
2864,8,7486,1
2865,11,7487,2
2866,8,7489,2
2867,6,7491,1
2868,0,7492,2
2869,9,7494,1
2870,0,7495,1
2871,11,7496,10
2872,1,7506,6
2873,2,7512,1
2874,10,7513,1
2875,2,7514,1
2876,0,7515,4
2877,1,7519,1
2878,5,7520,23
2879,1,7543,1
2880,7,7544,1
2881,1,7545,2
2882,5,7547,3
2883,1,7550,3
2884,5,7553,2
2885,1,7555,1
2886,0,7556,2
2887,2,7558,3
2888,9,7561,1
2889,2,7562,6
2890,9,7568,35
2891,10,7603,2
2892,1,7605,1
2893,9,7606,1
2894,5,7607,1
2895,9,7608,2
2896,5,7610,1
2897,0,7611,1
2898,8,7612,1
2899,5,7613,1
2900,1,7614,2
2901,11,7616,1
2902,1,7617,1
2903,11,7618,5
2904,1,7623,2
2905,9,7625,1
2906,8,7626,1
2907,1,7627,3
2908,10,7630,13
2909,7,7643,1
2910,2,7644,1
2911,9,7645,1
2912,2,7646,1
2913,10,7647,1
2914,7,7648,1
2915,1,7649,1
2916,11,7650,2
2917,1,7652,2
2918,10,7654,6
2919,7,7660,1
2920,0,7661,1
2921,9,7662,1
2922,10,7663,2
2923,1,7665,1
2924,7,7666,1
2925,2,7667,4
2926,9,7671,1
2927,7,7672,2
2928,1,7674,1
2929,9,7675,3
2930,5,7678,1
2931,9,7679,2
2932,0,7681,2
2933,1,7683,2
2934,5,7685,3
2935,9,7688,1
2936,0,7689,1
2937,9,7690,7
2938,0,7697,1
2939,10,7698,1
2940,9,7699,1
2941,1,7700,1
2942,7,7701,1
2943,9,7702,17
2944,10,7719,14
2945,5,7733,2
2946,9,7735,1
2947,2,7736,1
2948,9,7737,1
2949,2,7738,1
2950,7,7739,1
2951,2,7740,1
2952,1,7741,1
2953,9,7742,6
2954,2,7748,3
2955,7,7751,11
2956,10,7762,1
2957,9,7763,3
2958,1,7766,2
2959,9,7768,2
2960,5,7770,1
2961,1,7771,7
2962,5,7778,2
2963,1,7780,1
2964,7,7781,1
2965,2,7782,3
2966,7,7785,1
2967,10,7786,16
2968,5,7802,2
2969,1,7804,1
2970,0,7805,1
2971,9,7806,1
2972,5,7807,2
2973,9,7809,1
2974,10,7810,1
2975,5,7811,1
2976,0,7812,1
2977,8,7813,1
2978,6,7814,1
2979,8,7815,1
2980,5,7816,1
2981,1,7817,1
2982,5,7818,29
2983,1,7847,1
2984,10,7848,1
2985,9,7849,1
2986,2,7850,5
2987,9,7855,3
2988,7,7858,1
2989,2,7859,1
2990,9,7860,3
2991,1,7863,1
2992,9,7864,1
2993,8,7865,2
2994,6,7867,1
2995,1,7868,1
2996,9,7869,1
2997,2,7870,1
2998,9,7871,10
2999,7,7881,1
3000,0,7882,1
3001,7,7883,1
3002,0,7884,1
3003,7,7885,1
3004,9,7886,2
3005,5,7888,1
3006,0,7889,1
3007,1,7890,6
3008,5,7896,1
3009,1,7897,6
3010,2,7903,1
3011,9,7904,3
3012,10,7907,1
3013,2,7908,23
3014,7,7931,4
3015,2,7935,4
3016,7,7939,4
3017,2,7943,15
3018,9,7958,12
3019,2,7970,3
3020,9,7973,1
3021,2,7974,2
3022,6,7976,1
3023,2,7977,9
3024,9,7986,1
3025,2,7987,1
3026,9,7988,7
3027,2,7995,2
3028,9,7997,2
3029,2,7999,5
3030,9,8004,1
3031,2,8005,1
3032,7,8006,2
3033,2,8008,3
3034,9,8011,5
3035,0,8016,1
3036,2,8017,1
3037,9,8018,3
3038,2,8021,4
3039,7,8025,2
3040,2,8027,1
3041,7,8028,1
3042,2,8029,3
3043,7,8032,4
3044,2,8036,2
3045,9,8038,28
3046,10,8066,1
3047,9,8067,4
3048,10,8071,1
3049,2,8072,2
3050,10,8074,1
3051,2,8075,1
3052,9,8076,1
3053,2,8077,1
3054,7,8078,2
3055,2,8080,6
3056,7,8086,4
3057,9,8090,1
3058,10,8091,1
3059,7,8092,1
3060,10,8093,1
3061,7,8094,1
3062,2,8095,6
3063,7,8101,1
3064,2,8102,1
3065,7,8103,1
3066,10,8104,1
3067,2,8105,3
3068,7,8108,1
3069,2,8109,1
3070,1,8110,1
3071,9,8111,1
3072,2,8112,1
3073,7,8113,1
3074,1,8114,1
3075,9,8115,1
3076,1,8116,1
3077,10,8117,2
3078,1,8119,1
3079,5,8120,1
3080,8,8121,1
3081,5,8122,3
3082,1,8125,5
3083,9,8130,1
3084,10,8131,1
3085,2,8132,1
3086,7,8133,5
3087,2,8138,1
3088,7,8139,1
3089,2,8140,6
3090,7,8146,2
3091,0,8148,1
3092,9,8149,2
3093,2,8151,1
3094,13,8152,1
3095,2,8153,3
3096,9,8156,9
3097,5,8165,1
3098,6,8166,1
3099,2,8167,1
3100,7,8168,2
3101,9,8170,2
3102,0,8172,1
3103,2,8173,2
3104,1,8175,3
3105,9,8178,2
3106,0,8180,1
3107,9,8181,6
3108,2,8187,3
3109,7,8190,2
3110,5,8192,1
3111,8,8193,1
3112,5,8194,1
3113,1,8195,1
3114,5,8196,2
3115,11,8198,1
3116,1,8199,4
3117,10,8203,1
3118,1,8204,15
3119,0,8219,1
3120,10,8220,1
3121,0,8221,1
3122,9,8222,1
3123,5,8223,1
3124,8,8224,2
3125,11,8226,2
3126,1,8228,11
3127,5,8239,3
3128,11,8242,2
3129,1,8244,2
3130,5,8246,6
3131,11,8252,1
3132,1,8253,1
3133,0,8254,1
3134,7,8255,3
3135,9,8258,2
3136,2,8260,2
3137,9,8262,6
3138,11,8268,4
3139,2,8272,1
3140,7,8273,1
3141,1,8274,5
3142,5,8279,1
3143,9,8280,4
3144,13,8284,1
3145,10,8285,1
3146,5,8286,1
3147,9,8287,2
3148,1,8289,2
3149,0,8291,1
3150,1,8292,3
3151,5,8295,1
3152,11,8296,1
3153,1,8297,1
3154,10,8298,1
3155,5,8299,1
3156,11,8300,1
3157,5,8301,2
3158,7,8303,1
3159,11,8304,1
3160,7,8305,1
3161,1,8306,1
3162,10,8307,17
3163,1,8324,2
3164,9,8326,1
3165,1,8327,1
3166,5,8328,6
3167,11,8334,2
3168,5,8336,1
3169,11,8337,1
3170,5,8338,1
3171,11,8339,6
3172,1,8345,1
3173,11,8346,2
3174,8,8348,1
3175,11,8349,2
3176,8,8351,1
3177,11,8352,2
3178,0,8354,1
3179,5,8355,2
3180,8,8357,2
3181,1,8359,1
3182,0,8360,2
3183,9,8362,1
3184,1,8363,1
3185,9,8364,1
3186,5,8365,1
3187,0,8366,1
3188,8,8367,1
3189,1,8368,1
3190,5,8369,5
3191,9,8374,1
3192,0,8375,2
3193,5,8377,2
3194,9,8379,1
3195,5,8380,2
3196,1,8382,3
3197,5,8385,1
3198,1,8386,2
3199,11,8388,7
3200,5,8395,1
3201,1,8396,6
3202,9,8402,1
3203,11,8403,11
3204,1,8414,1
3205,7,8415,1
3206,1,8416,4
3207,7,8420,1
3208,2,8421,5
3209,7,8426,2
3210,10,8428,1
3211,7,8429,1
3212,10,8430,2
3213,1,8432,1
3214,10,8433,3
3215,1,8436,2
3216,5,8438,8
3217,1,8446,3
3218,5,8449,2
3219,1,8451,1
3220,5,8452,3
3221,1,8455,1
3222,5,8456,1
3223,1,8457,3
3224,5,8460,2
3225,1,8462,8
3226,10,8470,4
3227,7,8474,1
3228,9,8475,6
3229,2,8481,3
3230,9,8484,6
3231,1,8490,1
3232,5,8491,2
3233,11,8493,2
3234,5,8495,1
3235,11,8496,1
3236,5,8497,1
3237,11,8498,1
3238,1,8499,1
3239,7,8500,1
3240,2,8501,7
3241,9,8508,1
3242,2,8509,1
3243,13,8510,1
3244,2,8511,2
3245,11,8513,7
3246,0,8520,1
3247,6,8521,4
3248,1,8525,1
3249,6,8526,4
3250,11,8530,2
3251,1,8532,11
3252,10,8543,1
3253,1,8544,1
3254,10,8545,1
3255,7,8546,7
3256,2,8553,1
3257,7,8554,4
3258,1,8558,1
3259,11,8559,1
3260,8,8560,1
3261,5,8561,7
3262,1,8568,1
3263,11,8569,2
3264,5,8571,1
3265,1,8572,1
3266,6,8573,1
3267,0,8574,1
3268,8,8575,1
3269,5,8576,3
3270,9,8579,2
3271,5,8581,2
3272,1,8583,17
3273,10,8600,3
3274,9,8603,1
3275,10,8604,4
3276,9,8608,1
3277,10,8609,2
3278,1,8611,1
3279,7,8612,3
3280,10,8615,3
3281,7,8618,1
3282,10,8619,5
3283,7,8624,1
3284,1,8625,1
3285,10,8626,1
3286,7,8627,1
3287,10,8628,1
3288,2,8629,5
3289,7,8634,7
3290,2,8641,5
3291,12,8646,1
3292,11,8647,18
3293,1,8665,4
3294,7,8669,1
3295,1,8670,6
3296,2,8676,2
3297,11,8678,2
3298,1,8680,1
3299,5,8681,2
3300,1,8683,1
3301,5,8684,3
3302,10,8687,2
3303,2,8689,1
3304,9,8690,2
3305,2,8692,1
3306,9,8693,1
3307,5,8694,1
3308,1,8695,4
3309,9,8699,4
3310,2,8703,2
3311,9,8705,1
3312,2,8706,1
3313,7,8707,1
3314,9,8708,1
3315,8,8709,2
3316,9,8711,1
3317,2,8712,1
3318,1,8713,1
3319,2,8714,2
3320,9,8716,3
3321,5,8719,2
3322,11,8721,5
3323,8,8726,1
3324,11,8727,1
3325,1,8728,9
3326,5,8737,2
3327,10,8739,2
3328,2,8741,1
3329,9,8742,1
3330,5,8743,1
3331,9,8744,1
3332,10,8745,22
3333,5,8767,1
3334,9,8768,1
3335,0,8769,1
3336,7,8770,1
3337,1,8771,1
3338,9,8772,1
3339,1,8773,1
3340,8,8774,1
3341,1,8775,1
3342,5,8776,2
3343,1,8778,1
3344,5,8779,1
3345,1,8780,1
3346,10,8781,1
3347,7,8782,3
3348,2,8785,1
3349,13,8786,1
3350,9,8787,2
3351,2,8789,2
3352,13,8791,1
3353,9,8792,7
3354,0,8799,1
3355,1,8800,5
3356,11,8805,1
3357,1,8806,1
3358,10,8807,2
3359,2,8809,1
3360,9,8810,2
3361,2,8812,2
3362,7,8814,2
3363,1,8816,11
3364,10,8827,1
3365,2,8828,3
3366,9,8831,1
3367,2,8832,2
3368,7,8834,1
3369,10,8835,2
3370,2,8837,6
3371,7,8843,1
3372,10,8844,4
3373,7,8848,2
3374,10,8850,2
3375,1,8852,1
3376,5,8853,1
3377,1,8854,1
3378,5,8855,1
3379,10,8856,4
3380,7,8860,1
3381,2,8861,1
3382,0,8862,1
3383,2,8863,1
3384,9,8864,1
3385,5,8865,3
3386,8,8868,1
3387,5,8869,1
3388,1,8870,1
3389,5,8871,4
3390,1,8875,2
3391,10,8877,2
3392,9,8879,1
3393,2,8880,2
3394,9,8882,4
3395,2,8886,2
3396,9,8888,11
3397,2,8899,2
3398,9,8901,1
3399,2,8902,4
3400,1,8906,1
3401,0,8907,1
3402,6,8908,1
3403,8,8909,2
3404,5,8911,1
3405,11,8912,1
3406,1,8913,3
3407,7,8916,1
3408,2,8917,2
3409,7,8919,1
3410,0,8920,1
3411,11,8921,2
3412,0,8923,1
3413,2,8924,4
3414,7,8928,4
3415,2,8932,1
3416,9,8933,1
3417,2,8934,2
3418,7,8936,1
3419,1,8937,2
3420,5,8939,1
3421,10,8940,12
3422,1,8952,1
3423,7,8953,1
3424,11,8954,1
3425,6,8955,1
3426,2,8956,5
3427,11,8961,3
3428,1,8964,1
3429,5,8965,1
3430,8,8966,2
3431,1,8968,3
3432,0,8971,1
3433,1,8972,1
3434,10,8973,1
3435,7,8974,1
3436,2,8975,2
3437,9,8977,2
3438,0,8979,1
3439,2,8980,5
3440,9,8985,10
3441,10,8995,1
3442,1,8996,2
3443,5,8998,3
3444,1,9001,2
3445,0,9003,1
3446,2,9004,4
3447,10,9008,6
3448,3,9014,1
3449,0,9015,1
3450,5,9016,2
3451,11,9018,3
3452,1,9021,1
3453,7,9022,2
3454,10,9024,3
3455,1,9027,4
3456,9,9031,2
3457,0,9033,4
3458,1,9037,1
3459,11,9038,3
3460,2,9041,1
3461,7,9042,1
3462,10,9043,4
3463,11,9047,2
3464,1,9049,1
3465,8,9050,2
3466,1,9052,7
3467,10,9059,2
3468,7,9061,1
3469,10,9062,5
3470,7,9067,1
3471,10,9068,1
3472,7,9069,2
3473,2,9071,1
3474,7,9072,3
3475,1,9075,10
3476,5,9085,17
3477,1,9102,2
3478,10,9104,3
3479,2,9107,2
3480,7,9109,1
3481,10,9110,26
3482,7,9136,2
3483,11,9138,1
3484,7,9139,1
3485,11,9140,1
3486,1,9141,2
3487,7,9143,5
3488,1,9148,1
3489,7,9149,1
3490,1,9150,1
3491,11,9151,1
3492,1,9152,1
3493,0,9153,1
3494,1,9154,1
3495,8,9155,3
3496,11,9158,1
3497,1,9159,2
3498,7,9161,1
3499,2,9162,3
3500,1,9165,1
3501,5,9166,1
3502,1,9167,1
3503,11,9168,2
3504,8,9170,2
3505,11,9172,1
3506,8,9173,3
3507,5,9176,4
3508,9,9180,5
3509,5,9185,1
3510,9,9186,1
3511,5,9187,2
3512,8,9189,1
3513,11,9190,2
3514,9,9192,1
3515,8,9193,1
3516,11,9194,3
3517,6,9197,1
3518,0,9198,1
3519,3,9199,1
3520,9,9200,3
3521,7,9203,1
3522,1,9204,1
3523,0,9205,1
3524,1,9206,2
3525,7,9208,1
3526,0,9209,1
3527,8,9210,1
3528,1,9211,1
3529,5,9212,1
3530,11,9213,1
3531,5,9214,2
3532,0,9216,2
3533,5,9218,3
3534,1,9221,3
3535,10,9224,2
3536,7,9226,1
3537,2,9227,1
3538,9,9228,4
3539,2,9232,1
3540,7,9233,1
3541,9,9234,3
3542,2,9237,1
3543,10,9238,1
3544,1,9239,2
3545,5,9241,1
3546,1,9242,5
3547,2,9247,1
3548,9,9248,4
3549,0,9252,1
3550,2,9253,4
3551,9,9257,7
3552,2,9264,2
3553,9,9266,5
3554,2,9271,1
3555,7,9272,1
3556,1,9273,11
3557,10,9284,2
3558,1,9286,2
3559,7,9288,1
3560,2,9289,2
3561,7,9291,1
3562,10,9292,4
3563,0,9296,1
3564,8,9297,4
3565,1,9301,1
3566,11,9302,1
3567,1,9303,1
3568,7,9304,1
3569,10,9305,4
3570,7,9309,1
3571,2,9310,5
3572,7,9315,2
3573,11,9317,4
3574,1,9321,1
3575,10,9322,8
3576,5,9330,2
3577,10,9332,1
3578,1,9333,1
3579,10,9334,14
3580,7,9348,1
3581,9,9349,1
3582,1,9350,1
3583,9,9351,1
3584,7,9352,1
3585,10,9353,1
3586,7,9354,2
3587,10,9356,4
3588,7,9360,2
3589,2,9362,1
3590,0,9363,2
3591,9,9365,6
3592,5,9371,1
3593,1,9372,5
3594,10,9377,47
3595,1,9424,1
3596,9,9425,4
3597,14,9429,1
3598,9,9430,5
3599,7,9435,1
3600,9,9436,2
3601,2,9438,5
3602,7,9443,6
3603,9,9449,3
3604,2,9452,4
3605,9,9456,6
3606,0,9462,1
3607,8,9463,1
3608,0,9464,1
3609,1,9465,6
3610,2,9471,1
3611,10,9472,23
3612,1,9495,1
3613,5,9496,1
3614,9,9497,2
3615,8,9499,1
3616,1,9500,1
3617,5,9501,2
3618,1,9503,3
3619,7,9506,2
3620,1,9508,1
3621,8,9509,1
3622,11,9510,2
3623,1,9512,1
3624,10,9513,1
3625,1,9514,2
3626,5,9516,3
3627,11,9519,5
3628,1,9524,1
3629,5,9525,2
3630,1,9527,1
3631,5,9528,1
3632,1,9529,2
3633,2,9531,6
3634,10,9537,1
3635,1,9538,1
3636,11,9539,3
3637,5,9542,6
3638,1,9548,2
3639,7,9550,1
3640,1,9551,1
3641,11,9552,6
3642,0,9558,2
3643,1,9560,2
3644,10,9562,1
3645,2,9563,1
3646,11,9564,1
3647,2,9565,4
3648,7,9569,1
3649,11,9570,9
3650,12,9579,1
3651,2,9580,1
3652,1,9581,2
3653,11,9583,2
3654,8,9585,1
3655,11,9586,2
3656,5,9588,2
3657,9,9590,3
3658,0,9593,2
3659,8,9595,3
3660,7,9598,1
3661,10,9599,3
3662,7,9602,2
3663,2,9604,4
3664,9,9608,1
3665,7,9609,1
3666,9,9610,1
3667,10,9611,1
3668,9,9612,5
3669,1,9617,1
3670,0,9618,1
3671,2,9619,1
3672,10,9620,1
3673,2,9621,1
3674,11,9622,3
3675,0,9625,1
3676,11,9626,1
3677,1,9627,1
3678,10,9628,3
3679,7,9631,4
3680,10,9635,1
3681,7,9636,4
3682,10,9640,1
3683,7,9641,1
3684,10,9642,1
3685,9,9643,1
3686,2,9644,2
3687,10,9646,2
3688,5,9648,1
3689,9,9649,1
3690,5,9650,1
3691,1,9651,2
3692,9,9653,3
3693,8,9656,1
3694,11,9657,5
3695,1,9662,2
3696,10,9664,7
3697,7,9671,1
3698,10,9672,1
3699,7,9673,2
3700,1,9675,1
3701,11,9676,1
3702,10,9677,1
3703,9,9678,2
3704,1,9680,2
3705,6,9682,1
3706,2,9683,5
3707,9,9688,1
3708,7,9689,3
3709,2,9692,5
3710,10,9697,1
3711,11,9698,2
3712,5,9700,9
3713,1,9709,3
3714,5,9712,4
3715,7,9716,1
3716,11,9717,5
3717,1,9722,2
3718,10,9724,1
3719,1,9725,1
3720,9,9726,3
3721,1,9729,2
3722,5,9731,2
3723,8,9733,1
3724,5,9734,4
3725,8,9738,1
3726,5,9739,5
3727,11,9744,1
3728,1,9745,1
3729,10,9746,2
3730,7,9748,1
3731,2,9749,1
3732,1,9750,2
3733,10,9752,3
3734,1,9755,1
3735,10,9756,2
3736,2,9758,1
3737,9,9759,3
3738,5,9762,1
3739,1,9763,4
3740,7,9767,1
3741,2,9768,2
3742,7,9770,1
3743,2,9771,3
3744,10,9774,2
3745,11,9776,9
3746,1,9785,6
3747,9,9791,2
3748,2,9793,1
3749,13,9794,1
3750,10,9795,2
3751,2,9797,1
3752,7,9798,9
3753,11,9807,4
3754,1,9811,6
3755,2,9817,2
3756,9,9819,1
3757,2,9820,3
3758,6,9823,1
3759,1,9824,2
3760,0,9826,1
3761,11,9827,1
3762,1,9828,1
3763,10,9829,3
3764,1,9832,3
3765,9,9835,2
3766,7,9837,6
3767,2,9843,7
3768,9,9850,9
3769,11,9859,1
3770,1,9860,1
3771,8,9861,1
3772,11,9862,9
3773,1,9871,1
3774,10,9872,1
3775,7,9873,1
3776,10,9874,1
3777,1,9875,1
3778,11,9876,4
3779,1,9880,2
3780,7,9882,2
3781,1,9884,2
3782,11,9886,2
3783,5,9888,1
3784,7,9889,1
3785,1,9890,4
3786,5,9894,10
3787,11,9904,1
3788,7,9905,1
3789,11,9906,3
3790,1,9909,4
3791,7,9913,2
3792,10,9915,1
3793,1,9916,1
3794,7,9917,1
3795,2,9918,1
3796,10,9919,2
3797,9,9921,1
3798,10,9922,1
3799,9,9923,1
3800,2,9924,2
3801,12,9926,1
3802,2,9927,1
3803,11,9928,1
3804,1,9929,3
3805,11,9932,7
3806,5,9939,1
3807,11,9940,1
3808,8,9941,2
3809,1,9943,1
3810,0,9944,1
3811,9,9945,1
3812,10,9946,1
3813,9,9947,3
3814,11,9950,5
3815,1,9955,2
3816,7,9957,2
3817,6,9959,1
3818,11,9960,2
3819,1,9962,4
3820,7,9966,1
3821,10,9967,6
3822,7,9973,1
3823,1,9974,3
3824,7,9977,3
3825,1,9980,3
3826,5,9983,11
3827,1,9994,2
3828,7,9996,2
3829,9,9998,2
3830,13,10000,1
3831,10,10001,6
3832,9,10007,2
3833,14,10009,1
3834,13,10010,1
3835,10,10011,1
3836,2,10012,7
3837,10,10019,4
3838,2,10023,1
3839,10,10024,1
3840,7,10025,1
3841,10,10026,1
3842,7,10027,1
3843,1,10028,1
3844,11,10029,2
3845,5,10031,3
3846,6,10034,1
3847,0,10035,2
3848,9,10037,1
3849,5,10038,1
3850,1,10039,2
3851,5,10041,1
3852,8,10042,1
3853,11,10043,5
3854,1,10048,2
3855,5,10050,5
3856,1,10055,5
3857,0,10060,2
3858,1,10062,3
3859,11,10065,3
3860,1,10068,1
3861,11,10069,4
3862,6,10073,1
3863,0,10074,1
3864,1,10075,1
3865,5,10076,3
3866,8,10079,1
3867,1,10080,5
3868,5,10085,3
3869,1,10088,2
3870,5,10090,2
3871,1,10092,13
3872,10,10105,7
3873,11,10112,2
3874,9,10114,1
3875,11,10115,1
3876,10,10116,1
3877,7,10117,6
3878,10,10123,1
3879,11,10124,1
3880,1,10125,1
3881,0,10126,1
3882,11,10127,2
3883,1,10129,2
3884,9,10131,4
3885,10,10135,8
3886,11,10143,1
3887,2,10144,1
3888,10,10145,1
3889,2,10146,1
3890,10,10147,2
3891,7,10149,1
3892,10,10150,3
3893,11,10153,1
3894,9,10154,2
3895,11,10156,1
3896,1,10157,2
3897,10,10159,2
3898,1,10161,1
3899,7,10162,1
3900,10,10163,4
3901,11,10167,1
3902,9,10168,1
3903,2,10169,1
3904,10,10170,1
3905,11,10171,1
3906,7,10172,1
3907,2,10173,1
3908,11,10174,15
3909,1,10189,2
3910,10,10191,3
3911,1,10194,1
3912,10,10195,8
3913,1,10203,1
3914,10,10204,2
3915,9,10206,1
3916,1,10207,1
3917,7,10208,1
3918,1,10209,1
3919,5,10210,1
3920,1,10211,3
3921,5,10214,2
3922,11,10216,4
3923,1,10220,2
3924,7,10222,1
3925,10,10223,4
3926,1,10227,1
3927,5,10228,1
3928,11,10229,3
3929,1,10232,1
3930,7,10233,1
3931,10,10234,1
3932,1,10235,4
3933,10,10239,1
3934,1,10240,2
3935,9,10242,3
3936,5,10245,2
3937,1,10247,1
3938,9,10248,4
3939,2,10252,1
3940,7,10253,1
3941,9,10254,1
3942,1,10255,1
3943,9,10256,1
3944,8,10257,2
3945,5,10259,2
3946,1,10261,2
3947,10,10263,2
3948,1,10265,1
3949,10,10266,1
3950,5,10267,1
3951,1,10268,3
3952,10,10271,3
3953,1,10274,1
3954,10,10275,2
3955,1,10277,1
3956,5,10278,4
3957,1,10282,1
3958,2,10283,1
3959,10,10284,1
3960,9,10285,1
3961,1,10286,1
3962,10,10287,1
3963,7,10288,1
3964,11,10289,2
3965,2,10291,2
3966,11,10293,3
3967,8,10296,1
3968,0,10297,3
3969,1,10300,1
3970,10,10301,1
3971,2,10302,14
3972,9,10316,6
3973,10,10322,4
3974,2,10326,1
3975,0,10327,1
3976,11,10328,1
3977,5,10329,2
3978,1,10331,1
3979,5,10332,5
3980,1,10337,1
3981,5,10338,2
3982,1,10340,10
3983,7,10350,1
3984,10,10351,2
3985,7,10353,2
3986,1,10355,3
3987,11,10358,1
3988,5,10359,3
3989,1,10362,7
3990,5,10369,1
3991,1,10370,1
3992,10,10371,5
3993,7,10376,1
3994,2,10377,1
3995,9,10378,2
3996,1,10380,8
3997,9,10388,3
3998,1,10391,3
3999,0,10394,1
4000,9,10395,1
4001,1,10396,6
4002,9,10402,1
4003,7,10403,1
4004,2,10404,3
4005,9,10407,2
4006,5,10409,1
4007,1,10410,1
4008,5,10411,5
4009,1,10416,1
4010,5,10417,1
4011,10,10418,2
4012,5,10420,6
4013,11,10426,1
4014,5,10427,12
4015,11,10439,2
4016,5,10441,1
4017,11,10442,1
4018,1,10443,3
4019,10,10446,1
4020,1,10447,1
4021,5,10448,3
4022,8,10451,1
4023,11,10452,1
4024,1,10453,1
4025,7,10454,4
4026,1,10458,4
4027,10,10462,2
4028,1,10464,2
4029,10,10466,1
4030,11,10467,3
4031,1,10470,3
4032,0,10473,1
4033,1,10474,1
4034,7,10475,3
4035,0,10478,1
4036,1,10479,1
4037,11,10480,1
4038,1,10481,1
4039,0,10482,1
4040,7,10483,4
4041,2,10487,4
4042,10,10491,1
4043,11,10492,13
4044,1,10505,1
4045,5,10506,3
4046,1,10509,1
4047,5,10510,2
4048,1,10512,1
4049,12,10513,3
4050,11,10516,1
4051,12,10517,2
4052,11,10519,9
4053,0,10528,1
4054,3,10529,2
4055,10,10531,5
4056,3,10536,1
4057,5,10537,1
4058,0,10538,2
4059,9,10540,1
4060,0,10541,1
4061,1,10542,1
4062,5,10543,2
4063,1,10545,14
4064,11,10559,2
4065,2,10561,1
4066,0,10562,1
4067,11,10563,1
4068,0,10564,3
4069,6,10567,1
4070,0,10568,1
4071,10,10569,5
4072,2,10574,3
4073,9,10577,1
4074,5,10578,1
4075,9,10579,2
4076,0,10581,1
4077,1,10582,2
4078,10,10584,1
4079,7,10585,3
4080,9,10588,3
4081,1,10591,3
4082,10,10594,1
4083,7,10595,1
4084,10,10596,1
4085,7,10597,3
4086,2,10600,3
4087,7,10603,1
4088,11,10604,4
4089,1,10608,1
4090,7,10609,2
4091,10,10611,1
4092,7,10612,1
4093,2,10613,6
4094,7,10619,1
4095,1,10620,14
4096,2,10634,1
4097,11,10635,1
4098,1,10636,1
4099,5,10637,1
4100,10,10638,2
4101,2,10640,2
4102,9,10642,3
4103,2,10645,1
4104,9,10646,5
4105,1,10651,1
4106,10,10652,1
4107,2,10653,2
4108,9,10655,4
4109,1,10659,4
4110,10,10663,1
4111,1,10664,1
4112,10,10665,1
4113,1,10666,1
4114,5,10667,5
4115,10,10672,2
4116,7,10674,1
4117,2,10675,1
4118,9,10676,2
4119,2,10678,5
4120,7,10683,1
4121,10,10684,2
4122,1,10686,2
4123,5,10688,2
4124,1,10690,1
4125,5,10691,1
4126,1,10692,1
4127,5,10693,1
4128,1,10694,1
4129,10,10695,1
4130,1,10696,6
4131,11,10702,1
4132,8,10703,1
4133,11,10704,1
4134,8,10705,1
4135,5,10706,1
4136,8,10707,1
4137,1,10708,3
4138,11,10711,1
4139,7,10712,3
4140,9,10715,3
4141,2,10718,1
4142,10,10719,1
4143,1,10720,2
4144,7,10722,1
4145,2,10723,2
4146,7,10725,1
4147,2,10726,2
4148,7,10728,1
4149,2,10729,1
4150,9,10730,6
4151,2,10736,8
4152,10,10744,2
4153,9,10746,1
4154,1,10747,1
4155,9,10748,6
4156,2,10754,1
4157,9,10755,1
4158,2,10756,2
4159,9,10758,1
4160,1,10759,1
4161,8,10760,1
4162,1,10761,2
4163,5,10763,3
4164,1,10766,1
4165,5,10767,2
4166,1,10769,3
4167,10,10772,2
4168,2,10774,1
4169,9,10775,2
4170,1,10777,1
4171,7,10778,3
4172,1,10781,1
4173,5,10782,1
4174,1,10783,1
4175,5,10784,2
4176,1,10786,1
4177,5,10787,3
4178,1,10790,1
4179,11,10791,5
4180,8,10796,1
4181,9,10797,2
4182,5,10799,1
4183,9,10800,1
4184,5,10801,1
4185,9,10802,4
4186,1,10806,1
4187,5,10807,1
4188,9,10808,1
4189,1,10809,4
4190,5,10813,1
4191,1,10814,3
4192,10,10817,18
4193,7,10835,3
4194,10,10838,2
4195,7,10840,2
4196,1,10842,8
4197,10,10850,1
4198,1,10851,12
4199,5,10863,1
4200,8,10864,1
4201,11,10865,1
4202,8,10866,2
4203,1,10868,1
4204,5,10869,1
4205,11,10870,1
4206,1,10871,2
4207,7,10873,1
4208,1,10874,2
4209,2,10876,2
4210,1,10878,5
4211,10,10883,6
4212,7,10889,1
4213,1,10890,2
4214,2,10892,2
4215,11,10894,3
4216,1,10897,2
4217,5,10899,1
4218,1,10900,2
4219,7,10902,1
4220,10,10903,3
4221,7,10906,1
4222,1,10907,4
4223,2,10911,4
4224,7,10915,1
4225,2,10916,1
4226,7,10917,8
4227,10,10925,23
4228,1,10948,2
4229,10,10950,4
4230,1,10954,4
4231,10,10958,1
4232,2,10959,1
4233,1,10960,2
4234,9,10962,9
4235,5,10971,1
4236,9,10972,1
4237,10,10973,2
4238,9,10975,1
4239,0,10976,2
4240,10,10978,6
4241,2,10984,4
4242,7,10988,1
4243,2,10989,2
4244,1,10991,1
4245,11,10992,5
4246,1,10997,3
4247,11,11000,1
4248,1,11001,1
4249,10,11002,1
4250,7,11003,3
4251,1,11006,2
4252,0,11008,3
4253,5,11011,2
4254,11,11013,1
4255,8,11014,1
4256,11,11015,4
4257,1,11019,2
4258,5,11021,2
4259,8,11023,1
4260,1,11024,1
4261,8,11025,1
4262,11,11026,3
4263,8,11029,1
4264,11,11030,7
4265,8,11037,1
4266,1,11038,2
4267,7,11040,3
4268,1,11043,4
4269,5,11047,8
4270,10,11055,1
4271,1,11056,2
4272,9,11058,3
4273,5,11061,1
4274,9,11062,2
4275,8,11064,2
4276,5,11066,4
4277,0,11070,1
4278,7,11071,1
4279,11,11072,1
4280,2,11073,1
4281,7,11074,4
4282,9,11078,1
4283,10,11079,1
4284,14,11080,2
4285,9,11082,6
4286,10,11088,1
4287,7,11089,4
4288,10,11093,3
4289,2,11096,1
4290,10,11097,1
4291,9,11098,1
4292,10,11099,1
4293,11,11100,1
4294,7,11101,2
4295,10,11103,3
4296,7,11106,2
4297,2,11108,2
4298,7,11110,6
4299,9,11116,8
4300,11,11124,11
4301,5,11135,1
4302,8,11136,1
4303,6,11137,1
4304,2,11138,4
4305,6,11142,1
4306,8,11143,2
4307,5,11145,4
4308,1,11149,3
4309,10,11152,6
4310,9,11158,1
4311,1,11159,4
4312,7,11163,1
4313,9,11164,1
4314,7,11165,1
4315,1,11166,2
4316,10,11168,15
4317,1,11183,1
4318,9,11184,2
4319,5,11186,1
4320,8,11187,1
4321,11,11188,6
4322,8,11194,2
4323,0,11196,1
4324,1,11197,1
4325,9,11198,2
4326,1,11200,1
4327,8,11201,1
4328,5,11202,1
4329,9,11203,1
4330,5,11204,1
4331,1,11205,1
4332,5,11206,2
4333,10,11208,3
4334,7,11211,1
4335,10,11212,4
4336,1,11216,2
4337,5,11218,4
4338,1,11222,1
4339,10,11223,2
4340,7,11225,1
4341,2,11226,1
4342,7,11227,1
4343,1,11228,2
4344,5,11230,1
4345,1,11231,1
4346,5,11232,2
4347,0,11234,1
4348,1,11235,1
4349,11,11236,5
4350,1,11241,3
4351,5,11244,1
4352,1,11245,6
4353,10,11251,1
4354,7,11252,1
4355,1,11253,1
4356,2,11254,1
4357,7,11255,2
4358,2,11257,1
4359,1,11258,3
4360,10,11261,1
4361,1,11262,3
4362,11,11265,1
4363,5,11266,3
4364,7,11269,2
4365,1,11271,1
4366,5,11272,6
4367,1,11278,2
4368,7,11280,1
4369,1,11281,1
4370,7,11282,1
4371,2,11283,2
4372,9,11285,6
4373,14,11291,1
4374,2,11292,2
4375,9,11294,1
4376,0,11295,1
4377,10,11296,3
4378,2,11299,1
4379,0,11300,1
4380,9,11301,1
4381,5,11302,1
4382,1,11303,2
4383,10,11305,4
4384,7,11309,2
4385,9,11311,1
4386,2,11312,1
4387,7,11313,1
4388,1,11314,2
4389,10,11316,2
4390,7,11318,10
4391,10,11328,5
4392,7,11333,2
4393,2,11335,3
4394,0,11338,1
4395,10,11339,2
4396,2,11341,19
4397,11,11360,8
4398,1,11368,2
4399,10,11370,5
4400,7,11375,1
4401,10,11376,1
4402,7,11377,2
4403,2,11379,1
4404,1,11380,3
4405,7,11383,3
4406,1,11386,4
4407,5,11390,4
4408,1,11394,1
4409,10,11395,2
4410,5,11397,1
4411,10,11398,1
4412,1,11399,2
4413,10,11401,4
4414,1,11405,1
4415,5,11406,1
4416,1,11407,3
4417,7,11410,2
4418,10,11412,6
4419,1,11418,1
4420,11,11419,2
4421,1,11421,1
4422,10,11422,2
4423,11,11424,3
4424,1,11427,1
4425,11,11428,1
4426,1,11429,1
4427,5,11430,1
4428,11,11431,2
4429,5,11433,2
4430,11,11435,2
4431,5,11437,2
4432,8,11439,1
4433,5,11440,1
4434,1,11441,1
4435,5,11442,1
4436,10,11443,1
4437,5,11444,2
4438,10,11446,2
4439,7,11448,1
4440,1,11449,1
4441,11,11450,2
4442,5,11452,3
4443,1,11455,1
4444,11,11456,3
4445,5,11459,3
4446,11,11462,1
4447,2,11463,2
4448,6,11465,1
4449,1,11466,1
4450,5,11467,1
4451,1,11468,1
4452,11,11469,5
4453,5,11474,1
4454,1,11475,1
4455,8,11476,1
4456,0,11477,1
4457,1,11478,1
4458,9,11479,2
4459,1,11481,1
4460,10,11482,1
4461,1,11483,1
4462,9,11484,2
4463,1,11486,1
4464,5,11487,2
4465,1,11489,1
4466,5,11490,3
4467,8,11493,1
4468,1,11494,12
4469,9,11506,4
4470,11,11510,1
4471,0,11511,2
4472,10,11513,2
4473,2,11515,2
4474,0,11517,2
4475,9,11519,3
4476,8,11522,1
4477,1,11523,1
4478,5,11524,2
4479,1,11526,1
4480,5,11527,3
4481,1,11530,5
4482,5,11535,2
4483,1,11537,1
4484,7,11538,1
4485,2,11539,2
4486,7,11541,2
4487,10,11543,2
4488,7,11545,3
4489,10,11548,2
4490,7,11550,1
4491,1,11551,1
4492,10,11552,3
4493,7,11555,1
4494,11,11556,1
4495,9,11557,2
4496,11,11559,1
4497,1,11560,1
4498,10,11561,3
4499,1,11564,4
4500,7,11568,1
4501,10,11569,1
4502,11,11570,2
4503,1,11572,1
4504,5,11573,3
4505,1,11576,1
4506,5,11577,4
4507,1,11581,1
4508,5,11582,1
4509,1,11583,1
4510,11,11584,1
4511,1,11585,1
4512,6,11586,1
4513,2,11587,1
4514,10,11588,3
4515,7,11591,3
4516,2,11594,3
4517,3,11597,11
4518,11,11608,9
4519,6,11617,1
4520,2,11618,2
4521,7,11620,1
4522,8,11621,2
4523,1,11623,3
4524,10,11626,2
4525,1,11628,2
4526,10,11630,3
4527,1,11633,1
4528,0,11634,1
4529,11,11635,1
4530,2,11636,1
4531,7,11637,1
4532,10,11638,1
4533,1,11639,1
4534,11,11640,4
4535,8,11644,1
4536,9,11645,1
4537,2,11646,1
4538,6,11647,2
4539,2,11649,3
4540,6,11652,1
4541,0,11653,1
4542,11,11654,7
4543,5,11661,1
4544,1,11662,1
4545,8,11663,1
4546,9,11664,1
4547,0,11665,1
4548,9,11666,1
4549,7,11667,1
4550,2,11668,1
4551,7,11669,1
4552,9,11670,3
4553,1,11673,6
4554,9,11679,6
4555,1,11685,1
4556,2,11686,3
4557,9,11689,8
4558,14,11697,1
4559,5,11698,1
4560,0,11699,1
4561,11,11700,1
4562,6,11701,1
4563,11,11702,1
4564,0,11703,1
4565,11,11704,2
4566,1,11706,1
4567,11,11707,4
4568,1,11711,1
4569,11,11712,1
4570,8,11713,2
4571,11,11715,1
4572,8,11716,1
4573,0,11717,1
4574,10,11718,1
4575,9,11719,2
4576,2,11721,1
4577,9,11722,3
4578,5,11725,1
4579,8,11726,1
4580,5,11727,2
4581,11,11729,1
4582,8,11730,2
4583,11,11732,3
4584,8,11735,2
4585,11,11737,3
4586,8,11740,1
4587,6,11741,1
4588,8,11742,2
4589,9,11744,2
4590,2,11746,1
4591,7,11747,1
4592,6,11748,1
4593,8,11749,2
4594,11,11751,1
4595,8,11752,1
4596,5,11753,6
4597,1,11759,1
4598,5,11760,1
4599,8,11761,2
4600,2,11763,6
4601,1,11769,6
4602,9,11775,4
4603,5,11779,1
4604,8,11780,1
4605,6,11781,1
4606,0,11782,1
4607,2,11783,6
4608,9,11789,4
4609,5,11793,1
4610,10,11794,1
4611,2,11795,1
4612,6,11796,1
4613,11,11797,4
4614,0,11801,2
4615,9,11803,2
4616,7,11805,1
4617,2,11806,4
4618,13,11810,1
4619,9,11811,2
4620,1,11813,3
4621,11,11816,5
4622,1,11821,2
4623,7,11823,8
4624,1,11831,1
4625,0,11832,1
4626,1,11833,9
4627,7,11842,12
4628,2,11854,1
4629,9,11855,13
4630,1,11868,2
4631,9,11870,1
4632,1,11871,1
4633,5,11872,4
4634,10,11876,4
4635,5,11880,13
4636,10,11893,2
4637,7,11895,3
4638,2,11898,2
4639,7,11900,2
4640,10,11902,2
4641,7,11904,1
4642,10,11905,6
4643,2,11911,2
4644,12,11913,1
4645,11,11914,2
4646,0,11916,2
4647,5,11918,3
4648,1,11921,1
4649,5,11922,2
4650,1,11924,1
4651,10,11925,17
4652,7,11942,1
4653,2,11943,1
4654,9,11944,4
4655,1,11948,1
4656,10,11949,2
4657,1,11951,1
4658,5,11952,1
4659,1,11953,1
4660,9,11954,5
4661,8,11959,2
4662,9,11961,1
4663,8,11962,2
4664,5,11964,2
4665,8,11966,1
4666,5,11967,2
4667,1,11969,3
4668,10,11972,6
4669,1,11978,2
4670,7,11980,1
4671,10,11981,1
4672,7,11982,1
4673,10,11983,2
4674,7,11985,3
4675,10,11988,5
4676,7,11993,2
4677,1,11995,14
4678,10,12009,1
4679,7,12010,1
4680,10,12011,8
4681,1,12019,1
4682,0,12020,1
4683,11,12021,1
4684,1,12022,2
4685,5,12024,2
4686,1,12026,4
4687,7,12030,2
4688,2,12032,5
4689,10,12037,1
4690,1,12038,1
4691,5,12039,1
4692,1,12040,18
4693,9,12058,2
4694,14,12060,2
4695,10,12062,1
4696,5,12063,2
4697,2,12065,1
4698,0,12066,1
4699,9,12067,4
4700,2,12071,2
4701,9,12073,1
4702,7,12074,1
4703,9,12075,4
4704,1,12079,1
4705,10,12080,1
4706,1,12081,2
4707,5,12083,3
4708,10,12086,2
4709,1,12088,1
4710,0,12089,1
4711,9,12090,1
4712,8,12091,1
4713,1,12092,1
4714,11,12093,3
4715,1,12096,1
4716,8,12097,2
4717,1,12099,1
4718,2,12100,1
4719,7,12101,3
4720,2,12104,4
4721,9,12108,7
4722,2,12115,1
4723,10,12116,3
4724,1,12119,1
4725,5,12120,1
4726,1,12121,1
4727,5,12122,2
4728,1,12124,1
4729,9,12125,1
4730,1,12126,2
4731,9,12128,1
4732,1,12129,1
4733,10,12130,1
4734,7,12131,1
4735,9,12132,1
4736,1,12133,1
4737,2,12134,3
4738,0,12137,1
4739,8,12138,2
4740,1,12140,2
4741,11,12142,1
4742,1,12143,1
4743,10,12144,2
4744,1,12146,1
4745,0,12147,1
4746,7,12148,1
4747,2,12149,7
4748,9,12156,3
4749,10,12159,2
4750,7,12161,3
4751,2,12164,4
4752,10,12168,1
4753,7,12169,1
4754,1,12170,1
4755,10,12171,1
4756,7,12172,1
4757,10,12173,2
4758,2,12175,6
4759,1,12181,3
4760,2,12184,2
4761,11,12186,1
4762,1,12187,3
4763,2,12190,1
4764,10,12191,4
4765,7,12195,1
4766,2,12196,7
4767,11,12203,1
4768,1,12204,9
4769,9,12213,3
4770,0,12216,1
4771,9,12217,1
4772,7,12218,6
4773,2,12224,1
4774,7,12225,1
4775,10,12226,1
4776,9,12227,2
4777,2,12229,1
4778,9,12230,10
4779,2,12240,1
4780,1,12241,1
4781,0,12242,3
4782,7,12245,1
4783,1,12246,3
4784,2,12249,3
4785,10,12252,1
4786,2,12253,3
4787,1,12256,1
4788,9,12257,1
4789,1,12258,1
4790,2,12259,3
4791,1,12262,2
4792,2,12264,4
4793,9,12268,1
4794,1,12269,1
4795,2,12270,2
4796,1,12272,4
4797,2,12276,33
4798,9,12309,43
4799,2,12352,4
4800,9,12356,1
4801,2,12357,1
4802,9,12358,67
4803,1,12425,3
4804,9,12428,4
4805,1,12432,2
4806,9,12434,9
4807,1,12443,3
4808,9,12446,3
4809,2,12449,1
4810,7,12450,2
4811,1,12452,6
4812,10,12458,2
4813,7,12460,4
4814,2,12464,4
4815,10,12468,2
4816,7,12470,1
4817,9,12471,1
4818,2,12472,3
4819,1,12475,2
4820,2,12477,1
4821,9,12478,1
4822,2,12479,3
4823,9,12482,5
4824,0,12487,1
4825,9,12488,19
4826,10,12507,1
4827,14,12508,2
4828,9,12510,2
4829,1,12512,8
4830,10,12520,1
4831,7,12521,1
4832,10,12522,1
4833,9,12523,21
4834,1,12544,2
4835,5,12546,4
4836,1,12550,1
4837,7,12551,3
4838,10,12554,5
4839,7,12559,1
4840,2,12560,2
4841,1,12562,1
4842,7,12563,1
4843,10,12564,3
4844,2,12567,3
4845,0,12570,1
4846,9,12571,3
4847,2,12574,4
4848,9,12578,1
4849,1,12579,1
4850,10,12580,5
4851,9,12585,2
4852,1,12587,2
4853,2,12589,3
4854,10,12592,1
4855,7,12593,1
4856,2,12594,2
4857,9,12596,6
4858,1,12602,1
4859,9,12603,2
4860,1,12605,11
4861,9,12616,1
4862,2,12617,1
4863,5,12618,1
4864,9,12619,12
4865,2,12631,1
4866,9,12632,1
4867,0,12633,2
4868,10,12635,1
4869,5,12636,1
4870,9,12637,1
4871,2,12638,1
4872,9,12639,3
4873,0,12642,2
4874,10,12644,2
4875,1,12646,3
4876,9,12649,8
4877,1,12657,4
4878,0,12661,1
4879,10,12662,1
4880,5,12663,3
4881,2,12666,2
4882,7,12668,1
4883,9,12669,1
4884,7,12670,35
4885,2,12705,3
4886,9,12708,4
4887,1,12712,2
4888,9,12714,1
4889,1,12715,1
4890,9,12716,6
4891,5,12722,1
4892,1,12723,1
4893,5,12724,1
4894,9,12725,2
4895,1,12727,1
4896,9,12728,1
4897,1,12729,1
4898,10,12730,1
4899,0,12731,1
4900,1,12732,1
4901,11,12733,2
4902,9,12735,1
4903,8,12736,1
4904,11,12737,6
4905,1,12743,1
4906,5,12744,1
4907,10,12745,2
4908,7,12747,1
4909,2,12748,3
4910,10,12751,1
4911,7,12752,1
4912,11,12753,2
4913,5,12755,3
4914,1,12758,1
4915,5,12759,3
4916,1,12762,8
4917,7,12770,1
4918,10,12771,1
4919,5,12772,1
4920,1,12773,3
4921,7,12776,5
4922,10,12781,1
4923,1,12782,2
4924,5,12784,5
4925,10,12789,7
4926,7,12796,1
4927,2,12797,12
4928,7,12809,6
4929,1,12815,3
4930,5,12818,1
4931,9,12819,1
4932,1,12820,2
4933,10,12822,3
4934,1,12825,1
4935,5,12826,1
4936,1,12827,4
4937,5,12831,3
4938,11,12834,3
4939,5,12837,4
4940,1,12841,3
4941,9,12844,2
4942,5,12846,1
4943,9,12847,1
4944,8,12848,2
4945,9,12850,8
4946,5,12858,1
4947,11,12859,2
4948,8,12861,1
4949,11,12862,6
4950,1,12868,1
4951,0,12869,1
4952,2,12870,1
4953,7,12871,1
4954,9,12872,2
4955,11,12874,4
4956,1,12878,1
4957,11,12879,4
4958,1,12883,2
4959,2,12885,6
4960,1,12891,8
4961,5,12899,1
4962,1,12900,1
4963,11,12901,1
4964,1,12902,1
4965,5,12903,1
4966,1,12904,12
4967,9,12916,1
4968,1,12917,1
4969,2,12918,4
4970,7,12922,1
4971,10,12923,1
4972,1,12924,4
4973,5,12928,4
4974,1,12932,3
4975,5,12935,2
4976,10,12937,1
4977,5,12938,6
4978,10,12944,2
4979,1,12946,3
4980,10,12949,2
4981,7,12951,2
4982,2,12953,1
4983,9,12954,2
4984,2,12956,1
4985,1,12957,2
4986,9,12959,2
4987,5,12961,1
4988,9,12962,2
4989,1,12964,1
4990,9,12965,4
4991,5,12969,1
4992,1,12970,1
4993,5,12971,5
4994,1,12976,4
4995,9,12980,18
4996,6,12998,2
4997,9,13000,13
4998,10,13013,1
4999,2,13014,1
5000,10,13015,2
5001,2,13017,2
5002,9,13019,8
5003,2,13027,7
5004,1,13034,1
5005,10,13035,1
5006,7,13036,1
5007,2,13037,2
5008,13,13039,1
5009,9,13040,2
5010,14,13042,1
5011,5,13043,1
5012,10,13044,9
5013,5,13053,1
5014,10,13054,9
5015,9,13063,9
5016,2,13072,1
5017,1,13073,6
5018,9,13079,9
5019,7,13088,1
5020,10,13089,4
5021,7,13093,2
5022,2,13095,1
5023,9,13096,17
5024,2,13113,2
5025,7,13115,1
5026,10,13116,3
5027,1,13119,16
5028,10,13135,2
5029,1,13137,1
5030,5,13138,2
5031,1,13140,1
5032,0,13141,1
5033,9,13142,1
5034,2,13143,3
5035,1,13146,6
5036,7,13152,1
5037,9,13153,1
5038,5,13154,1
5039,10,13155,2
5040,2,13157,3
5041,9,13160,3
5042,2,13163,1
5043,9,13164,10
5044,11,13174,4
5045,8,13178,1
5046,9,13179,1
5047,0,13180,1
5048,1,13181,1
5049,5,13182,1
5050,1,13183,4
5051,7,13187,3
5052,9,13190,1
5053,1,13191,1
5054,5,13192,3
5055,11,13195,2
5056,5,13197,2
5057,10,13199,7
5058,1,13206,1
5059,10,13207,1
5060,7,13208,1
5061,9,13209,2
5062,7,13211,2
5063,2,13213,2
5064,0,13215,1
5065,11,13216,1
5066,5,13217,1
5067,8,13218,1
5068,5,13219,1
5069,8,13220,1
5070,1,13221,3
5071,11,13224,3
5072,1,13227,3
5073,10,13230,5
5074,7,13235,1
5075,2,13236,9
5076,10,13245,1
5077,2,13246,2
5078,1,13248,2
5079,11,13250,1
5080,7,13251,2
5081,11,13253,1
5082,5,13254,6
5083,1,13260,1
5084,5,13261,1
5085,1,13262,1
5086,6,13263,1
5087,0,13264,1
5088,1,13265,1
5089,5,13266,2
5090,9,13268,1
5091,5,13269,9
5092,11,13278,1
5093,1,13279,3
5094,7,13282,2
5095,10,13284,1
5096,2,13285,1
5097,9,13286,7
5098,1,13293,5
5099,2,13298,1
5100,9,13299,2
5101,5,13301,2
5102,9,13303,1
5103,5,13304,1
5104,9,13305,1
5105,8,13306,2
5106,5,13308,1
5107,10,13309,1
5108,5,13310,1
5109,8,13311,1
5110,5,13312,22
5111,11,13334,1
5112,1,13335,5
5113,10,13340,3
5114,9,13343,1
5115,5,13344,1
5116,1,13345,2
5117,9,13347,2
5118,11,13349,3
5119,1,13352,2
5120,9,13354,3
5121,2,13357,7
5122,6,13364,1
5123,1,13365,2
5124,11,13367,3
5125,1,13370,1
5126,5,13371,1
5127,9,13372,4
5128,2,13376,3
5129,6,13379,1
5130,9,13380,7
5131,5,13387,1
5132,11,13388,6
5133,5,13394,1
5134,1,13395,1
5135,7,13396,2
5136,1,13398,1
5137,11,13399,1
5138,1,13400,5
5139,7,13405,1
5140,1,13406,2
5141,5,13408,5
5142,1,13413,4
5143,10,13417,5
5144,1,13422,4
5145,2,13426,3
5146,10,13429,4
5147,1,13433,18
5148,9,13451,1
5149,5,13452,1
5150,1,13453,2
5151,5,13455,3
5152,1,13458,5
5153,9,13463,3
5154,1,13466,2
5155,9,13468,1
5156,10,13469,1
5157,7,13470,1
5158,9,13471,12
5159,11,13483,7
5160,12,13490,1
5161,2,13491,1
5162,0,13492,1
5163,9,13493,1
5164,0,13494,1
5165,8,13495,1
5166,11,13496,8
5167,5,13504,1
5168,8,13505,3
5169,1,13508,1
5170,11,13509,1
5171,1,13510,1
5172,0,13511,1
5173,9,13512,4
5174,5,13516,2
5175,11,13518,12
5176,1,13530,1
5177,11,13531,1
5178,10,13532,2
5179,2,13534,1
5180,10,13535,2
5181,9,13537,1
5182,5,13538,6
5183,9,13544,1
5184,5,13545,2
5185,9,13547,3
5186,2,13550,1
5187,9,13551,2
5188,8,13553,1
5189,5,13554,1
5190,11,13555,1
5191,5,13556,1
5192,11,13557,1
5193,1,13558,1
5194,5,13559,1
5195,11,13560,1
5196,5,13561,3
5197,1,13564,1
5198,8,13565,5
5199,5,13570,2
5200,9,13572,5
5201,8,13577,1
5202,0,13578,1
5203,5,13579,2
5204,8,13581,1
5205,11,13582,6
5206,0,13588,1
5207,11,13589,9
5208,6,13598,1
5209,0,13599,2
5210,1,13601,16
5211,5,13617,1
5212,1,13618,1
5213,0,13619,1
5214,1,13620,3
5215,9,13623,1
5216,14,13624,1
5217,9,13625,4
5218,8,13629,3
5219,5,13632,1
5220,8,13633,1
5221,5,13634,7
5222,8,13641,1
5223,5,13642,2
5224,11,13644,4
5225,1,13648,1
5226,6,13649,7
5227,7,13656,3
5228,1,13659,1
5229,7,13660,1
5230,1,13661,2
5231,10,13663,1
5232,1,13664,3
5233,10,13667,6
5234,1,13673,1
5235,9,13674,3
5236,5,13677,1
5237,10,13678,2
5238,12,13680,2
5239,2,13682,1
5240,12,13683,1
5241,7,13684,4
5242,10,13688,1
5243,7,13689,1
5244,10,13690,3
5245,7,13693,2
5246,10,13695,2
5247,2,13697,3
5248,11,13700,1
5249,1,13701,1
5250,5,13702,4
5251,1,13706,1
5252,5,13707,6
5253,1,13713,1
5254,0,13714,1
5255,1,13715,3
5256,0,13718,1
5257,7,13719,1
5258,2,13720,2
5259,11,13722,2
5260,1,13724,2
5261,9,13726,1
5262,1,13727,1
5263,10,13728,1
5264,7,13729,3
5265,2,13732,1
5266,11,13733,8
5267,0,13741,1
5268,5,13742,1
5269,11,13743,9
5270,8,13752,1
5271,0,13753,8
5272,1,13761,3
5273,7,13764,1
5274,0,13765,1
5275,7,13766,3
5276,2,13769,3
5277,9,13772,4
5278,1,13776,2
5279,2,13778,1
5280,9,13779,2
5281,2,13781,1
5282,1,13782,1
5283,9,13783,2
5284,11,13785,6
5285,5,13791,1
5286,8,13792,1
5287,11,13793,4
5288,1,13797,1
5289,10,13798,4
5290,7,13802,1
5291,10,13803,2
5292,7,13805,1
5293,2,13806,1
5294,7,13807,1
5295,11,13808,9
5296,1,13817,2
5297,11,13819,3
5298,0,13822,1
5299,2,13823,4
5300,1,13827,1
5301,11,13828,2
5302,1,13830,4
5303,7,13834,1
5304,1,13835,2
5305,11,13837,1
5306,5,13838,6
5307,11,13844,23
5308,1,13867,1
5309,8,13868,2
5310,0,13870,1
5311,1,13871,1
5312,6,13872,3
5313,1,13875,2
5314,0,13877,2
5315,12,13879,1
5316,2,13880,1
5317,7,13881,2
5318,1,13883,1
5319,5,13884,4
5320,1,13888,3
5321,0,13891,1
5322,1,13892,4
5323,10,13896,3
5324,1,13899,1
5325,9,13900,2
5326,10,13902,1
5327,2,13903,3
5328,12,13906,1
5329,2,13907,3
5330,1,13910,3
5331,5,13913,2
5332,1,13915,2
5333,10,13917,3
5334,1,13920,1
5335,7,13921,1
5336,11,13922,2
5337,5,13924,7
5338,0,13931,1
5339,1,13932,1
5340,5,13933,2
5341,8,13935,1
5342,1,13936,1
5343,10,13937,4
5344,1,13941,6
5345,5,13947,2
5346,1,13949,14
5347,10,13963,5
5348,7,13968,4
5349,10,13972,1
5350,7,13973,3
5351,2,13976,2
5352,11,13978,10
5353,8,13988,1
5354,0,13989,1
5355,1,13990,2
5356,9,13992,1
5357,7,13993,1
5358,1,13994,4
5359,6,13998,1
5360,11,13999,1
5361,0,14000,4
5362,1,14004,2
5363,7,14006,3
5364,2,14009,4
5365,7,14013,6
5366,2,14019,5
5367,7,14024,1
5368,2,14025,2
5369,10,14027,1
5370,11,14028,3
5371,8,14031,1
5372,11,14032,1
5373,5,14033,1
5374,11,14034,1
5375,5,14035,1
5376,1,14036,1
5377,11,14037,10
5378,7,14047,1
5379,1,14048,3
5380,7,14051,2
5381,10,14053,1
5382,7,14054,1
5383,1,14055,2
5384,11,14057,2
5385,5,14059,1
5386,11,14060,2
5387,8,14062,1
5388,11,14063,1
5389,1,14064,3
5390,7,14067,1
5391,10,14068,2
5392,7,14070,1
5393,10,14071,2
5394,5,14073,1
5395,1,14074,3
5396,7,14077,3
5397,1,14080,1
5398,9,14081,2
5399,8,14083,1
5400,11,14084,1
5401,1,14085,5
5402,9,14090,4
5403,7,14094,1
5404,8,14095,3
5405,1,14098,2
5406,5,14100,3
5407,1,14103,1
5408,6,14104,1
5409,7,14105,1
5410,10,14106,2
5411,2,14108,5
5412,10,14113,2
5413,7,14115,2
5414,12,14117,1
5415,11,14118,3
5416,5,14121,1
5417,0,14122,1
5418,11,14123,1
5419,3,14124,2
5420,11,14126,1
5421,6,14127,1
5422,2,14128,8
5423,9,14136,1
5424,7,14137,2
5425,1,14139,2
5426,9,14141,6
5427,5,14147,1
5428,9,14148,1
5429,8,14149,1
5430,11,14150,6
5431,8,14156,2
5432,0,14158,1
5433,11,14159,12
5434,8,14171,1
5435,11,14172,1
5436,2,14173,1
5437,11,14174,1
5438,1,14175,2
5439,7,14177,1
5440,2,14178,1
5441,0,14179,1
5442,1,14180,1
5443,11,14181,2
5444,5,14183,1
5445,11,14184,2
5446,5,14186,2
5447,8,14188,1
5448,5,14189,4
5449,1,14193,1
5450,10,14194,5
5451,2,14199,1
5452,1,14200,1
5453,7,14201,5
5454,1,14206,1
5455,2,14207,1
5456,7,14208,1
5457,1,14209,1
5458,2,14210,1
5459,7,14211,1
5460,10,14212,1
5461,7,14213,1
5462,2,14214,1
5463,11,14215,10
5464,1,14225,1
5465,8,14226,1
5466,11,14227,1
5467,1,14228,2
5468,10,14230,1
5469,1,14231,1
5470,9,14232,2
5471,2,14234,1
5472,9,14235,3
5473,2,14238,3
5474,10,14241,1
5475,5,14242,1
5476,9,14243,12
5477,5,14255,1
5478,9,14256,1
5479,5,14257,1
5480,9,14258,1
5481,10,14259,1
5482,2,14260,2
5483,11,14262,4
5484,8,14266,1
5485,5,14267,1
5486,11,14268,1
5487,9,14269,1
5488,1,14270,1
5489,2,14271,2
5490,7,14273,1
5491,6,14274,2
5492,0,14276,1
5493,9,14277,3
5494,0,14280,1
5495,7,14281,1
5496,2,14282,1
5497,7,14283,1
5498,10,14284,3
5499,2,14287,1
5500,7,14288,1
5501,10,14289,1
5502,7,14290,1
5503,1,14291,3
5504,5,14294,2
5505,1,14296,1
5506,11,14297,3
5507,5,14300,1
5508,1,14301,1
5509,11,14302,2
5510,5,14304,2
5511,8,14306,1
5512,5,14307,2
5513,11,14309,1
5514,1,14310,2
5515,10,14312,6
5516,1,14318,4
5517,9,14322,4
5518,11,14326,6
5519,1,14332,3
5520,5,14335,1
5521,1,14336,1
5522,0,14337,1
5523,1,14338,8
5524,10,14346,5
5525,1,14351,1
5526,5,14352,3
5527,1,14355,1
5528,5,14356,1
5529,10,14357,3
5530,1,14360,1
5531,10,14361,1
5532,7,14362,3
5533,2,14365,1
5534,9,14366,3
5535,7,14369,2
5536,2,14371,5
5537,10,14376,2
5538,11,14378,11
5539,8,14389,2
5540,0,14391,1
5541,1,14392,1
5542,7,14393,4
5543,2,14397,5
5544,1,14402,4
5545,5,14406,1
5546,2,14407,1
5547,11,14408,2
5548,5,14410,9
5549,11,14419,1
5550,5,14420,3
5551,7,14423,1
5552,10,14424,1
5553,7,14425,2
5554,2,14427,2
5555,7,14429,4
5556,2,14433,1
5557,7,14434,1
5558,2,14435,3
5559,7,14438,2
5560,2,14440,30
5561,7,14470,1
5562,10,14471,1
5563,2,14472,4
5564,12,14476,1
5565,1,14477,2
5566,0,14479,1
5567,1,14480,1
5568,10,14481,2
5569,2,14483,2
5570,10,14485,1
5571,11,14486,8
5572,8,14494,2
5573,2,14496,1
5574,7,14497,1
5575,9,14498,4
5576,2,14502,1
5577,9,14503,3
5578,2,14506,1
5579,7,14507,1
5580,2,14508,3
5581,6,14511,1
5582,9,14512,5
5583,11,14517,8
5584,8,14525,1
5585,9,14526,2
5586,0,14528,3
5587,1,14531,1
5588,8,14532,2
5589,5,14534,11
5590,0,14545,1
5591,5,14546,1
5592,9,14547,3
5593,5,14550,1
5594,1,14551,1
5595,9,14552,1
5596,5,14553,1
5597,0,14554,1
5598,11,14555,6
5599,8,14561,1
5600,9,14562,2
5601,13,14564,1
5602,9,14565,4
5603,2,14569,1
5604,7,14570,1
5605,10,14571,1
5606,7,14572,1
5607,1,14573,6
5608,5,14579,4
5609,11,14583,2
5610,5,14585,1
5611,11,14586,1
5612,5,14587,5
5613,11,14592,1
5614,5,14593,2
5615,0,14595,1
5616,7,14596,2
5617,9,14598,1
5618,5,14599,17
5619,11,14616,1
5620,7,14617,1
5621,1,14618,1
5622,7,14619,1
5623,10,14620,1
5624,7,14621,2
5625,10,14623,2
5626,2,14625,4
5627,11,14629,7
5628,6,14636,2
5629,2,14638,4
5630,7,14642,1
5631,11,14643,4
5632,1,14647,1
5633,7,14648,4
5634,2,14652,3
5635,7,14655,3
5636,2,14658,11
5637,7,14669,1
5638,1,14670,1
5639,5,14671,1
5640,11,14672,1
5641,5,14673,3
5642,2,14676,1
5643,9,14677,4
5644,1,14681,2
5645,5,14683,3
5646,9,14686,3
5647,8,14689,1
5648,10,14690,2
5649,9,14692,2
5650,10,14694,1
5651,9,14695,4
5652,11,14699,1
5653,8,14700,1
5654,0,14701,1
5655,8,14702,1
5656,11,14703,1
5657,5,14704,2
5658,9,14706,1
5659,8,14707,2
5660,5,14709,3
5661,1,14712,2
5662,10,14714,1
5663,7,14715,2
5664,10,14717,4
5665,1,14721,1
5666,5,14722,5
5667,8,14727,1
5668,5,14728,1
5669,9,14729,2
5670,11,14731,4
5671,6,14735,1
5672,0,14736,2
5673,11,14738,12
5674,1,14750,1
5675,7,14751,3
5676,1,14754,2
5677,2,14756,1
5678,0,14757,1
5679,1,14758,1
5680,8,14759,2
5681,11,14761,2
5682,8,14763,3
5683,5,14766,2
5684,8,14768,1
5685,5,14769,3
